ResourceName,ResourceId,ResourceType,ResourceGroup,ResourceGroupId,ResourceLocation,Subscription,SubscriptionId,Tags,ServiceName,ServiceTier,Meter,Cost,CostUSD,Currency
sbreaditredis,/subscriptions/ab47d4c6-aa42-4b26-95fa-953b8ed93a69/resourcegroups/rg_memilavi_readitapp/providers/microsoft.cache/redis/sbreaditredis,Redis cache,rg_memilavi_readitapp,/subscriptions/ab47d4c6-aa42-4b26-95fa-953b8ed93a69/resourcegroups/rg_memilavi_readitapp,IN Central,Visual Studio Professional Subscription,ab47d4c6-aa42-4b26-95fa-953b8ed93a69,[],Redis Cache,Basic,C0 Cache,1002.186608,12.17334888,INR
catalog-vm_osdisk_1_e2f5328019f0483ead8d5aff469a11ba,/subscriptions/ab47d4c6-aa42-4b26-95fa-953b8ed93a69/resourcegroups/rg_memilavi_readitapp/providers/microsoft.compute/disks/catalog-vm_osdisk_1_e2f5328019f0483ead8d5aff469a11ba,Disk,rg_memilavi_readitapp,/subscriptions/ab47d4c6-aa42-4b26-95fa-953b8ed93a69/resourcegroups/rg_memilavi_readitapp,IN Central,Visual Studio Professional Subscription,ab47d4c6-aa42-4b26-95fa-953b8ed93a69,[],Storage,Standard SSD Managed Disks,E10 Disks,761.2799182,9.242971165,INR
catalog-vm_osdisk_1_e2f5328019f0483ead8d5aff469a11ba,/subscriptions/ab47d4c6-aa42-4b26-95fa-953b8ed93a69/resourcegroups/rg_memilavi_readitapp/providers/microsoft.compute/disks/catalog-vm_osdisk_1_e2f5328019f0483ead8d5aff469a11ba,Disk,rg_memilavi_readitapp,/subscriptions/ab47d4c6-aa42-4b26-95fa-953b8ed93a69/resourcegroups/rg_memilavi_readitapp,IN Central,Visual Studio Professional Subscription,ab47d4c6-aa42-4b26-95fa-953b8ed93a69,[],Storage,Standard SSD Managed Disks,Disk Operations,11.30367477,0.137328752,INR
interstellar_disk1_e3a16eb7041c480ea4562851c64d151c,/subscriptions/ab47d4c6-aa42-4b26-95fa-953b8ed93a69/resourcegroups/rg_subhasish_interstellar/providers/microsoft.compute/disks/interstellar_disk1_e3a16eb7041c480ea4562851c64d151c,Disk,rg_subhasish_interstellar,/subscriptions/ab47d4c6-aa42-4b26-95fa-953b8ed93a69/resourcegroups/rg_subhasish_interstellar,IN Central,Visual Studio Professional Subscription,ab47d4c6-aa42-4b26-95fa-953b8ed93a69,"[""\""#subhasish-vm\"":\""interstellar\""""]",Storage,Standard SSD Managed Disks,E10 Disks,761.2799182,9.242971165,INR
interstellar_disk1_e3a16eb7041c480ea4562851c64d151c,/subscriptions/ab47d4c6-aa42-4b26-95fa-953b8ed93a69/resourcegroups/rg_subhasish_interstellar/providers/microsoft.compute/disks/interstellar_disk1_e3a16eb7041c480ea4562851c64d151c,Disk,rg_subhasish_interstellar,/subscriptions/ab47d4c6-aa42-4b26-95fa-953b8ed93a69/resourcegroups/rg_subhasish_interstellar,IN Central,Visual Studio Professional Subscription,ab47d4c6-aa42-4b26-95fa-953b8ed93a69,"[""\""#subhasish-vm\"":\""interstellar\""""]",Storage,Standard SSD Managed Disks,Disk Operations,3.303333846,0.04000586,INR
sb-readit-dbserver / readit-db,/subscriptions/ab47d4c6-aa42-4b26-95fa-953b8ed93a69/resourcegroups/rg_memilavi_readitapp/providers/microsoft.sql/servers/sb-readit-dbserver/databases/readit-db,SQL database,rg_memilavi_readitapp,/subscriptions/ab47d4c6-aa42-4b26-95fa-953b8ed93a69/resourcegroups/rg_memilavi_readitapp,IN Central,Visual Studio Professional Subscription,ab47d4c6-aa42-4b26-95fa-953b8ed93a69,[],SQL Database,Single Basic,B DTU,410.853898,4.988388023,INR
sbreaditacr,/subscriptions/ab47d4c6-aa42-4b26-95fa-953b8ed93a69/resourcegroups/rg_memilavi_readitapp/providers/microsoft.containerregistry/registries/sbreaditacr,Container registry,rg_memilavi_readitapp,/subscriptions/ab47d4c6-aa42-4b26-95fa-953b8ed93a69/resourcegroups/rg_memilavi_readitapp,IN Central,Visual Studio Professional Subscription,ab47d4c6-aa42-4b26-95fa-953b8ed93a69,[],Container Registry,,Basic Registry Unit,361.6978476,4.391060536,INR
sbreaditacr,/subscriptions/ab47d4c6-aa42-4b26-95fa-953b8ed93a69/resourcegroups/rg_memilavi_readitapp/providers/microsoft.containerregistry/registries/sbreaditacr,Container registry,rg_memilavi_readitapp,/subscriptions/ab47d4c6-aa42-4b26-95fa-953b8ed93a69/resourcegroups/rg_memilavi_readitapp,IN Central,Visual Studio Professional Subscription,ab47d4c6-aa42-4b26-95fa-953b8ed93a69,[],Container Registry,,Task vCPU Duration,2.575784,0.031390467,INR
catalog-vm-ip,/subscriptions/ab47d4c6-aa42-4b26-95fa-953b8ed93a69/resourcegroups/rg_memilavi_readitapp/providers/microsoft.network/publicipaddresses/catalog-vm-ip,Public IP address,rg_memilavi_readitapp,/subscriptions/ab47d4c6-aa42-4b26-95fa-953b8ed93a69/resourcegroups/rg_memilavi_readitapp,IN Central,Visual Studio Professional Subscription,ab47d4c6-aa42-4b26-95fa-953b8ed93a69,[],Virtual Network,IP Addresses,Standard IPv4 Static Public IP,268.194976,3.256280761,INR
interstellar-ip,/subscriptions/ab47d4c6-aa42-4b26-95fa-953b8ed93a69/resourcegroups/rg_subhasish_interstellar/providers/microsoft.network/publicipaddresses/interstellar-ip,Public IP address,rg_subhasish_interstellar,/subscriptions/ab47d4c6-aa42-4b26-95fa-953b8ed93a69/resourcegroups/rg_subhasish_interstellar,IN Central,Visual Studio Professional Subscription,ab47d4c6-aa42-4b26-95fa-953b8ed93a69,"[""\""#subhasish-vm\"":\""interstellar\""""]",Virtual Network,IP Addresses,Standard IPv4 Static Public IP,268.194976,3.256280761,INR
sbreaditapp,/subscriptions/ab47d4c6-aa42-4b26-95fa-953b8ed93a69/resourcegroups/rg_memilavi_readitapp/providers/microsoft.network/frontdoors/sbreaditapp,Front Door,rg_memilavi_readitapp,/subscriptions/ab47d4c6-aa42-4b26-95fa-953b8ed93a69/resourcegroups/rg_memilavi_readitapp,Unknown,Visual Studio Professional Subscription,ab47d4c6-aa42-4b26-95fa-953b8ed93a69,[],Azure Front Door Service,,Standard Included Routing Rules,237.959535,2.89995625,INR
sbreaditapp,/subscriptions/ab47d4c6-aa42-4b26-95fa-953b8ed93a69/resourcegroups/rg_memilavi_readitapp/providers/microsoft.network/frontdoors/sbreaditapp,Front Door,rg_memilavi_readitapp,/subscriptions/ab47d4c6-aa42-4b26-95fa-953b8ed93a69/resourcegroups/rg_memilavi_readitapp,Unknown,Visual Studio Professional Subscription,ab47d4c6-aa42-4b26-95fa-953b8ed93a69,[],"Bandwidth, Azure Front Door Service",,Standard Data Transfer Out,21.86794691,0.266499467,INR
sbreaditapp,/subscriptions/ab47d4c6-aa42-4b26-95fa-953b8ed93a69/resourcegroups/rg_memilavi_readitapp/providers/microsoft.network/frontdoors/sbreaditapp,Front Door,rg_memilavi_readitapp,/subscriptions/ab47d4c6-aa42-4b26-95fa-953b8ed93a69/resourcegroups/rg_memilavi_readitapp,Unknown,Visual Studio Professional Subscription,ab47d4c6-aa42-4b26-95fa-953b8ed93a69,[],Azure Front Door Service,,Standard Data Transfer In,2.75028E-06,3.3517E-08,INR
defaultworkspace-centralindia,/subscriptions/ab47d4c6-aa42-4b26-95fa-953b8ed93a69/resourcegroups/defaultresourcegroup-centralindia/providers/microsoft.operationalinsights/workspaces/defaultworkspace-centralindia,Log Analytics workspace,defaultresourcegroup-centralindia,/subscriptions/ab47d4c6-aa42-4b26-95fa-953b8ed93a69/resourcegroups/defaultresourcegroup-centralindia,IN Central,Visual Studio Professional Subscription,ab47d4c6-aa42-4b26-95fa-953b8ed93a69,[],Log Analytics,,Pay-as-you-go Data Ingestion,228.8890606,2.785909059,INR
aks-agentpool-40540486-vmss,/subscriptions/ab47d4c6-aa42-4b26-95fa-953b8ed93a69/resourcegroups/mc_rg_memilavi_readitapp_readit-card-aks_centralindia/providers/microsoft.compute/virtualmachinescalesets/aks-agentpool-40540486-vmss,Virtual machine scale set,mc_rg_memilavi_readitapp_readit-card-aks_centralindia,/subscriptions/ab47d4c6-aa42-4b26-95fa-953b8ed93a69/resourcegroups/mc_rg_memilavi_readitapp_readit-card-aks_centralindia,"Intercontinental, Asia, IN Central",Visual Studio Professional Subscription,ab47d4c6-aa42-4b26-95fa-953b8ed93a69,"[""\""aks-managed-createoperationid\"":\""e41c1b09-ae7f-44cd-9d19-7552743a4ce5\"""",""\""aks-managed-creationsource\"":\""vmssclient-aks-agentpool-40540486-vmss\"""",""\""aks-managed-kubeletidentityclientid\"":\""80c68022-5f0a-4639-ab10-e3691afbfd16\"""",""\""aks-managed-orchestrator\"":\""kubernetes:1.25.6\"""",""\""aks-managed-poolname\"":\""agentpool\"""",""\""aks-managed-resourcenamesuffix\"":\""40026033\"""",""\""aks-managed-consolidated-additional-properties\"":\""e3177e84-2b6a-11ee-8103-a22f9bf481b7\"""",""\""aks-managed-coordination\"":\""true\""""]",Virtual Machines,Dadsv5 Series,D2ads v5,191.5524287,2.334403884,INR
aks-agentpool-40540486-vmss,/subscriptions/ab47d4c6-aa42-4b26-95fa-953b8ed93a69/resourcegroups/mc_rg_memilavi_readitapp_readit-card-aks_centralindia/providers/microsoft.compute/virtualmachinescalesets/aks-agentpool-40540486-vmss,Virtual machine scale set,mc_rg_memilavi_readitapp_readit-card-aks_centralindia,/subscriptions/ab47d4c6-aa42-4b26-95fa-953b8ed93a69/resourcegroups/mc_rg_memilavi_readitapp_readit-card-aks_centralindia,"Intercontinental, Asia, IN Central",Visual Studio Professional Subscription,ab47d4c6-aa42-4b26-95fa-953b8ed93a69,"[""\""aks-managed-createoperationid\"":\""e41c1b09-ae7f-44cd-9d19-7552743a4ce5\"""",""\""aks-managed-creationsource\"":\""vmssclient-aks-agentpool-40540486-vmss\"""",""\""aks-managed-kubeletidentityclientid\"":\""80c68022-5f0a-4639-ab10-e3691afbfd16\"""",""\""aks-managed-orchestrator\"":\""kubernetes:1.25.6\"""",""\""aks-managed-poolname\"":\""agentpool\"""",""\""aks-managed-resourcenamesuffix\"":\""40026033\"""",""\""aks-managed-consolidated-additional-properties\"":\""e3177e84-2b6a-11ee-8103-a22f9bf481b7\"""",""\""aks-managed-coordination\"":\""true\""""]",Bandwidth,Inter-Region,Intra Continent Data Transfer Out,0.06385905,0.000778235,INR
aks-agentpool-40540486-vmss,/subscriptions/ab47d4c6-aa42-4b26-95fa-953b8ed93a69/resourcegroups/mc_rg_memilavi_readitapp_readit-card-aks_centralindia/providers/microsoft.compute/virtualmachinescalesets/aks-agentpool-40540486-vmss,Virtual machine scale set,mc_rg_memilavi_readitapp_readit-card-aks_centralindia,/subscriptions/ab47d4c6-aa42-4b26-95fa-953b8ed93a69/resourcegroups/mc_rg_memilavi_readitapp_readit-card-aks_centralindia,"Intercontinental, Asia, IN Central",Visual Studio Professional Subscription,ab47d4c6-aa42-4b26-95fa-953b8ed93a69,"[""\""aks-managed-createoperationid\"":\""e41c1b09-ae7f-44cd-9d19-7552743a4ce5\"""",""\""aks-managed-creationsource\"":\""vmssclient-aks-agentpool-40540486-vmss\"""",""\""aks-managed-kubeletidentityclientid\"":\""80c68022-5f0a-4639-ab10-e3691afbfd16\"""",""\""aks-managed-orchestrator\"":\""kubernetes:1.25.6\"""",""\""aks-managed-poolname\"":\""agentpool\"""",""\""aks-managed-resourcenamesuffix\"":\""40026033\"""",""\""aks-managed-consolidated-additional-properties\"":\""e3177e84-2b6a-11ee-8103-a22f9bf481b7\"""",""\""aks-managed-coordination\"":\""true\""""]",Bandwidth,Inter-Region,Inter Continent Data Transfer Out - ASIA To Any,0.043756516,0.00053325,INR
aks-agentpool-40540486-vmss,/subscriptions/ab47d4c6-aa42-4b26-95fa-953b8ed93a69/resourcegroups/mc_rg_memilavi_readitapp_readit-card-aks_centralindia/providers/microsoft.compute/virtualmachinescalesets/aks-agentpool-40540486-vmss,Virtual machine scale set,mc_rg_memilavi_readitapp_readit-card-aks_centralindia,/subscriptions/ab47d4c6-aa42-4b26-95fa-953b8ed93a69/resourcegroups/mc_rg_memilavi_readitapp_readit-card-aks_centralindia,"Intercontinental, Asia, IN Central",Visual Studio Professional Subscription,ab47d4c6-aa42-4b26-95fa-953b8ed93a69,"[""\""aks-managed-createoperationid\"":\""e41c1b09-ae7f-44cd-9d19-7552743a4ce5\"""",""\""aks-managed-creationsource\"":\""vmssclient-aks-agentpool-40540486-vmss\"""",""\""aks-managed-kubeletidentityclientid\"":\""80c68022-5f0a-4639-ab10-e3691afbfd16\"""",""\""aks-managed-orchestrator\"":\""kubernetes:1.25.6\"""",""\""aks-managed-poolname\"":\""agentpool\"""",""\""aks-managed-resourcenamesuffix\"":\""40026033\"""",""\""aks-managed-consolidated-additional-properties\"":\""e3177e84-2b6a-11ee-8103-a22f9bf481b7\"""",""\""aks-managed-coordination\"":\""true\""""]",Bandwidth,,Standard Data Transfer Out,0.018650434,0.000227288,INR
vault-pe,/subscriptions/ab47d4c6-aa42-4b26-95fa-953b8ed93a69/resourcegroups/rg_memilavi_readitapp/providers/microsoft.network/privateendpoints/vault-pe,Private endpoint,rg_memilavi_readitapp,/subscriptions/ab47d4c6-aa42-4b26-95fa-953b8ed93a69/resourcegroups/rg_memilavi_readitapp,IN Central,Visual Studio Professional Subscription,ab47d4c6-aa42-4b26-95fa-953b8ed93a69,[],Virtual Network,Private Link,Standard Private Endpoint,149.551285,1.822545936,INR
kubernetes,/subscriptions/ab47d4c6-aa42-4b26-95fa-953b8ed93a69/resourcegroups/mc_rg_memilavi_readitapp_readit-card-aks_centralindia/providers/microsoft.network/loadbalancers/kubernetes,Load balancer,mc_rg_memilavi_readitapp_readit-card-aks_centralindia,/subscriptions/ab47d4c6-aa42-4b26-95fa-953b8ed93a69/resourcegroups/mc_rg_memilavi_readitapp_readit-card-aks_centralindia,IN Central,Visual Studio Professional Subscription,ab47d4c6-aa42-4b26-95fa-953b8ed93a69,"[""\""aks-managed-cluster-name\"":\""readit-card-aks\"""",""\""aks-managed-cluster-rg\"":\""rg_memilavi_readitapp\""""]",Load Balancer,Standard,Standard Included LB Rules and Outbound Rules,117.3016081,1.429526795,INR
kubernetes,/subscriptions/ab47d4c6-aa42-4b26-95fa-953b8ed93a69/resourcegroups/mc_rg_memilavi_readitapp_readit-card-aks_centralindia/providers/microsoft.network/loadbalancers/kubernetes,Load balancer,mc_rg_memilavi_readitapp_readit-card-aks_centralindia,/subscriptions/ab47d4c6-aa42-4b26-95fa-953b8ed93a69/resourcegroups/mc_rg_memilavi_readitapp_readit-card-aks_centralindia,IN Central,Visual Studio Professional Subscription,ab47d4c6-aa42-4b26-95fa-953b8ed93a69,"[""\""aks-managed-cluster-name\"":\""readit-card-aks\"""",""\""aks-managed-cluster-rg\"":\""rg_memilavi_readitapp\""""]",Load Balancer,Standard,Standard Data Processed,0.50455696,0.006148916,INR
log-redaitapp-ws,/subscriptions/ab47d4c6-aa42-4b26-95fa-953b8ed93a69/resourcegroups/rg_memilavi_readitapp/providers/microsoft.operationalinsights/workspaces/log-redaitapp-ws,Log Analytics workspace,rg_memilavi_readitapp,/subscriptions/ab47d4c6-aa42-4b26-95fa-953b8ed93a69/resourcegroups/rg_memilavi_readitapp,IN Central,Visual Studio Professional Subscription,ab47d4c6-aa42-4b26-95fa-953b8ed93a69,[],Log Analytics,,Pay-as-you-go Data Ingestion,109.0834708,1.329374311,INR
interstellar,/subscriptions/ab47d4c6-aa42-4b26-95fa-953b8ed93a69/resourcegroups/rg_subhasish_interstellar/providers/microsoft.compute/virtualmachines/interstellar,Virtual machine,rg_subhasish_interstellar,/subscriptions/ab47d4c6-aa42-4b26-95fa-953b8ed93a69/resourcegroups/rg_subhasish_interstellar,"IN Central, Asia, Intercontinental",Visual Studio Professional Subscription,ab47d4c6-aa42-4b26-95fa-953b8ed93a69,"[""\""#subhasish-vm\"":\""interstellar\""""]",Virtual Machines,Dv3/DSv3 Series,D4 v3/D4s v3,73.11609228,0.885490922,INR
interstellar,/subscriptions/ab47d4c6-aa42-4b26-95fa-953b8ed93a69/resourcegroups/rg_subhasish_interstellar/providers/microsoft.compute/virtualmachines/interstellar,Virtual machine,rg_subhasish_interstellar,/subscriptions/ab47d4c6-aa42-4b26-95fa-953b8ed93a69/resourcegroups/rg_subhasish_interstellar,"IN Central, Asia, Intercontinental",Visual Studio Professional Subscription,ab47d4c6-aa42-4b26-95fa-953b8ed93a69,"[""\""#subhasish-vm\"":\""interstellar\""""]",Bandwidth,,Standard Data Transfer Out,2.219240167,0.026876669,INR
interstellar,/subscriptions/ab47d4c6-aa42-4b26-95fa-953b8ed93a69/resourcegroups/rg_subhasish_interstellar/providers/microsoft.compute/virtualmachines/interstellar,Virtual machine,rg_subhasish_interstellar,/subscriptions/ab47d4c6-aa42-4b26-95fa-953b8ed93a69/resourcegroups/rg_subhasish_interstellar,"IN Central, Asia, Intercontinental",Visual Studio Professional Subscription,ab47d4c6-aa42-4b26-95fa-953b8ed93a69,"[""\""#subhasish-vm\"":\""interstellar\""""]",Bandwidth,Inter-Region,Inter Continent Data Transfer Out - ASIA To Any,0.037616179,0.00045556,INR
interstellar,/subscriptions/ab47d4c6-aa42-4b26-95fa-953b8ed93a69/resourcegroups/rg_subhasish_interstellar/providers/microsoft.compute/virtualmachines/interstellar,Virtual machine,rg_subhasish_interstellar,/subscriptions/ab47d4c6-aa42-4b26-95fa-953b8ed93a69/resourcegroups/rg_subhasish_interstellar,"IN Central, Asia, Intercontinental",Visual Studio Professional Subscription,ab47d4c6-aa42-4b26-95fa-953b8ed93a69,"[""\""#subhasish-vm\"":\""interstellar\""""]",Bandwidth,Inter-Region,Intra Continent Data Transfer Out,0.005305964,6.42592E-05,INR
aks-agentpool-405404aks-agentpool-4054048os__1_c6cfe12c47ec4856a6c2e0ae517353e5,/subscriptions/ab47d4c6-aa42-4b26-95fa-953b8ed93a69/resourcegroups/mc_rg_memilavi_readitapp_readit-card-aks_centralindia/providers/microsoft.compute/disks/aks-agentpool-405404aks-agentpool-4054048os__1_c6cfe12c47ec4856a6c2e0ae517353e5,Disk,mc_rg_memilavi_readitapp_readit-card-aks_centralindia,/subscriptions/ab47d4c6-aa42-4b26-95fa-953b8ed93a69/resourcegroups/mc_rg_memilavi_readitapp_readit-card-aks_centralindia,IN Central,Visual Studio Professional Subscription,ab47d4c6-aa42-4b26-95fa-953b8ed93a69,"[""\""aks-managed-createoperationid\"":\""e41c1b09-ae7f-44cd-9d19-7552743a4ce5\"""",""\""aks-managed-creationsource\"":\""vmssclient-aks-agentpool-40540486-vmss\"""",""\""aks-managed-kubeletidentityclientid\"":\""80c68022-5f0a-4639-ab10-e3691afbfd16\"""",""\""aks-managed-orchestrator\"":\""kubernetes:1.25.6\"""",""\""aks-managed-poolname\"":\""agentpool\"""",""\""aks-managed-resourcenamesuffix\"":\""40026033\"""",""\""aks-managed-consolidated-additional-properties\"":\""e3177e84-2b6a-11ee-8103-a22f9bf481b7\"""",""\""aks-managed-coordination\"":\""true\""""]",Storage,Premium SSD Managed Disks,P10 LRS Disk,74.89431912,0.912719252,INR
catalog-vm,/subscriptions/ab47d4c6-aa42-4b26-95fa-953b8ed93a69/resourcegroups/rg_memilavi_readitapp/providers/microsoft.compute/virtualmachines/catalog-vm,Virtual machine,rg_memilavi_readitapp,/subscriptions/ab47d4c6-aa42-4b26-95fa-953b8ed93a69/resourcegroups/rg_memilavi_readitapp,"Intercontinental, IN Central, Asia",Visual Studio Professional Subscription,ab47d4c6-aa42-4b26-95fa-953b8ed93a69,"[""\""env\"":\""test\"""",""\""group\"":\""a-team\""""]",Virtual Machines,BS Series Windows,B2ms,57.11519537,0.694676491,INR
catalog-vm,/subscriptions/ab47d4c6-aa42-4b26-95fa-953b8ed93a69/resourcegroups/rg_memilavi_readitapp/providers/microsoft.compute/virtualmachines/catalog-vm,Virtual machine,rg_memilavi_readitapp,/subscriptions/ab47d4c6-aa42-4b26-95fa-953b8ed93a69/resourcegroups/rg_memilavi_readitapp,"Intercontinental, IN Central, Asia",Visual Studio Professional Subscription,ab47d4c6-aa42-4b26-95fa-953b8ed93a69,"[""\""env\"":\""test\"""",""\""group\"":\""a-team\""""]",Bandwidth,,Standard Data Transfer Out,0.171994899,0.002089533,INR
catalog-vm,/subscriptions/ab47d4c6-aa42-4b26-95fa-953b8ed93a69/resourcegroups/rg_memilavi_readitapp/providers/microsoft.compute/virtualmachines/catalog-vm,Virtual machine,rg_memilavi_readitapp,/subscriptions/ab47d4c6-aa42-4b26-95fa-953b8ed93a69/resourcegroups/rg_memilavi_readitapp,"Intercontinental, IN Central, Asia",Visual Studio Professional Subscription,ab47d4c6-aa42-4b26-95fa-953b8ed93a69,"[""\""env\"":\""test\"""",""\""group\"":\""a-team\""""]",Bandwidth,Inter-Region,Inter Continent Data Transfer Out - ASIA To Any,0.008603528,0.000104378,INR
catalog-vm,/subscriptions/ab47d4c6-aa42-4b26-95fa-953b8ed93a69/resourcegroups/rg_memilavi_readitapp/providers/microsoft.compute/virtualmachines/catalog-vm,Virtual machine,rg_memilavi_readitapp,/subscriptions/ab47d4c6-aa42-4b26-95fa-953b8ed93a69/resourcegroups/rg_memilavi_readitapp,"Intercontinental, IN Central, Asia",Visual Studio Professional Subscription,ab47d4c6-aa42-4b26-95fa-953b8ed93a69,"[""\""env\"":\""test\"""",""\""group\"":\""a-team\""""]",Bandwidth,Inter-Region,Intra Continent Data Transfer Out,0.000860075,1.04507E-05,INR
catalog-vm,/subscriptions/ab47d4c6-aa42-4b26-95fa-953b8ed93a69/resourcegroups/rg_memilavi_readitapp/providers/microsoft.compute/virtualmachines/catalog-vm,Virtual machine,rg_memilavi_readitapp,/subscriptions/ab47d4c6-aa42-4b26-95fa-953b8ed93a69/resourcegroups/rg_memilavi_readitapp,"Intercontinental, IN Central, Asia",Visual Studio Professional Subscription,ab47d4c6-aa42-4b26-95fa-953b8ed93a69,"[""\""env\"":\""test\"""",""\""group\"":\""a-team\""""]",Virtual Network,Private Link,Standard Data Processed - Ingress,0.00014373,1.7516E-06,INR
catalog-vm,/subscriptions/ab47d4c6-aa42-4b26-95fa-953b8ed93a69/resourcegroups/rg_memilavi_readitapp/providers/microsoft.compute/virtualmachines/catalog-vm,Virtual machine,rg_memilavi_readitapp,/subscriptions/ab47d4c6-aa42-4b26-95fa-953b8ed93a69/resourcegroups/rg_memilavi_readitapp,"Intercontinental, IN Central, Asia",Visual Studio Professional Subscription,ab47d4c6-aa42-4b26-95fa-953b8ed93a69,"[""\""env\"":\""test\"""",""\""group\"":\""a-team\""""]",Virtual Network,Private Link,Standard Data Processed - Egress,3.69757E-05,4.50614E-07,INR
lrsalstomsubhasishml,/subscriptions/ab47d4c6-aa42-4b26-95fa-953b8ed93a69/resourcegroups/alstom_ml/providers/microsoft.storage/storageaccounts/lrsalstomsubhasishml,Storage account,alstom_ml,/subscriptions/ab47d4c6-aa42-4b26-95fa-953b8ed93a69/resourcegroups/alstom_ml,"IN Central, Asia",Visual Studio Professional Subscription,ab47d4c6-aa42-4b26-95fa-953b8ed93a69,"[""\""subhasishazurelearning\"":\""ml\""""]",Storage,Files,LRS Data Stored,27.65233185,0.335736829,INR
lrsalstomsubhasishml,/subscriptions/ab47d4c6-aa42-4b26-95fa-953b8ed93a69/resourcegroups/alstom_ml/providers/microsoft.storage/storageaccounts/lrsalstomsubhasishml,Storage account,alstom_ml,/subscriptions/ab47d4c6-aa42-4b26-95fa-953b8ed93a69/resourcegroups/alstom_ml,"IN Central, Asia",Visual Studio Professional Subscription,ab47d4c6-aa42-4b26-95fa-953b8ed93a69,"[""\""subhasishazurelearning\"":\""ml\""""]",Storage,Tiered Block Blob,All Other Operations,0.064583482,0.000785264,INR
lrsalstomsubhasishml,/subscriptions/ab47d4c6-aa42-4b26-95fa-953b8ed93a69/resourcegroups/alstom_ml/providers/microsoft.storage/storageaccounts/lrsalstomsubhasishml,Storage account,alstom_ml,/subscriptions/ab47d4c6-aa42-4b26-95fa-953b8ed93a69/resourcegroups/alstom_ml,"IN Central, Asia",Visual Studio Professional Subscription,ab47d4c6-aa42-4b26-95fa-953b8ed93a69,"[""\""subhasishazurelearning\"":\""ml\""""]",Storage,Tiered Block Blob,Hot LRS Write Operations,0.05831186,0.00070817,INR
lrsalstomsubhasishml,/subscriptions/ab47d4c6-aa42-4b26-95fa-953b8ed93a69/resourcegroups/alstom_ml/providers/microsoft.storage/storageaccounts/lrsalstomsubhasishml,Storage account,alstom_ml,/subscriptions/ab47d4c6-aa42-4b26-95fa-953b8ed93a69/resourcegroups/alstom_ml,"IN Central, Asia",Visual Studio Professional Subscription,ab47d4c6-aa42-4b26-95fa-953b8ed93a69,"[""\""subhasishazurelearning\"":\""ml\""""]",Storage,Tiered Block Blob,LRS List and Create Container Operations,0.055720221,0.000676718,INR
lrsalstomsubhasishml,/subscriptions/ab47d4c6-aa42-4b26-95fa-953b8ed93a69/resourcegroups/alstom_ml/providers/microsoft.storage/storageaccounts/lrsalstomsubhasishml,Storage account,alstom_ml,/subscriptions/ab47d4c6-aa42-4b26-95fa-953b8ed93a69/resourcegroups/alstom_ml,"IN Central, Asia",Visual Studio Professional Subscription,ab47d4c6-aa42-4b26-95fa-953b8ed93a69,"[""\""subhasishazurelearning\"":\""ml\""""]",Storage,Tiered Block Blob,Hot LRS Data Stored,0.02574675,0.0003126,INR
lrsalstomsubhasishml,/subscriptions/ab47d4c6-aa42-4b26-95fa-953b8ed93a69/resourcegroups/alstom_ml/providers/microsoft.storage/storageaccounts/lrsalstomsubhasishml,Storage account,alstom_ml,/subscriptions/ab47d4c6-aa42-4b26-95fa-953b8ed93a69/resourcegroups/alstom_ml,"IN Central, Asia",Visual Studio Professional Subscription,ab47d4c6-aa42-4b26-95fa-953b8ed93a69,"[""\""subhasishazurelearning\"":\""ml\""""]",Storage,Tables,Batch Write Operations,0.011792251,0.000143174,INR
lrsalstomsubhasishml,/subscriptions/ab47d4c6-aa42-4b26-95fa-953b8ed93a69/resourcegroups/alstom_ml/providers/microsoft.storage/storageaccounts/lrsalstomsubhasishml,Storage account,alstom_ml,/subscriptions/ab47d4c6-aa42-4b26-95fa-953b8ed93a69/resourcegroups/alstom_ml,"IN Central, Asia",Visual Studio Professional Subscription,ab47d4c6-aa42-4b26-95fa-953b8ed93a69,"[""\""subhasishazurelearning\"":\""ml\""""]",Bandwidth,Inter-Region,Intra Continent Data Transfer Out,0.004178044,5.07416E-05,INR
lrsalstomsubhasishml,/subscriptions/ab47d4c6-aa42-4b26-95fa-953b8ed93a69/resourcegroups/alstom_ml/providers/microsoft.storage/storageaccounts/lrsalstomsubhasishml,Storage account,alstom_ml,/subscriptions/ab47d4c6-aa42-4b26-95fa-953b8ed93a69/resourcegroups/alstom_ml,"IN Central, Asia",Visual Studio Professional Subscription,ab47d4c6-aa42-4b26-95fa-953b8ed93a69,"[""\""subhasishazurelearning\"":\""ml\""""]",Storage,Files v2,LRS Metadata,0.001534077,1.86258E-05,INR
lrsalstomsubhasishml,/subscriptions/ab47d4c6-aa42-4b26-95fa-953b8ed93a69/resourcegroups/alstom_ml/providers/microsoft.storage/storageaccounts/lrsalstomsubhasishml,Storage account,alstom_ml,/subscriptions/ab47d4c6-aa42-4b26-95fa-953b8ed93a69/resourcegroups/alstom_ml,"IN Central, Asia",Visual Studio Professional Subscription,ab47d4c6-aa42-4b26-95fa-953b8ed93a69,"[""\""subhasishazurelearning\"":\""ml\""""]",Bandwidth,Inter-Region,Intra Continent Data Transfer In,0,0,INR
csg10032001018be032,/subscriptions/ab47d4c6-aa42-4b26-95fa-953b8ed93a69/resourcegroups/cloud-shell-storage-centralindia/providers/microsoft.storage/storageaccounts/csg10032001018be032,Storage account,cloud-shell-storage-centralindia,/subscriptions/ab47d4c6-aa42-4b26-95fa-953b8ed93a69/resourcegroups/cloud-shell-storage-centralindia,IN Central,Visual Studio Professional Subscription,ab47d4c6-aa42-4b26-95fa-953b8ed93a69,"[""\""ms-resource-usage\"":\""azure-cloud-shell\""""]",Storage,Files,LRS Data Stored,23.78999744,0.288842849,INR
csg10032001018be032,/subscriptions/ab47d4c6-aa42-4b26-95fa-953b8ed93a69/resourcegroups/cloud-shell-storage-centralindia/providers/microsoft.storage/storageaccounts/csg10032001018be032,Storage account,cloud-shell-storage-centralindia,/subscriptions/ab47d4c6-aa42-4b26-95fa-953b8ed93a69/resourcegroups/cloud-shell-storage-centralindia,IN Central,Visual Studio Professional Subscription,ab47d4c6-aa42-4b26-95fa-953b8ed93a69,"[""\""ms-resource-usage\"":\""azure-cloud-shell\""""]",Storage,Files,LRS Write Operations,0.102958686,0.001248143,INR
csg10032001018be032,/subscriptions/ab47d4c6-aa42-4b26-95fa-953b8ed93a69/resourcegroups/cloud-shell-storage-centralindia/providers/microsoft.storage/storageaccounts/csg10032001018be032,Storage account,cloud-shell-storage-centralindia,/subscriptions/ab47d4c6-aa42-4b26-95fa-953b8ed93a69/resourcegroups/cloud-shell-storage-centralindia,IN Central,Visual Studio Professional Subscription,ab47d4c6-aa42-4b26-95fa-953b8ed93a69,"[""\""ms-resource-usage\"":\""azure-cloud-shell\""""]",Storage,Files,Read Operations,0.015749994,0.000190935,INR
csg10032001018be032,/subscriptions/ab47d4c6-aa42-4b26-95fa-953b8ed93a69/resourcegroups/cloud-shell-storage-centralindia/providers/microsoft.storage/storageaccounts/csg10032001018be032,Storage account,cloud-shell-storage-centralindia,/subscriptions/ab47d4c6-aa42-4b26-95fa-953b8ed93a69/resourcegroups/cloud-shell-storage-centralindia,IN Central,Visual Studio Professional Subscription,ab47d4c6-aa42-4b26-95fa-953b8ed93a69,"[""\""ms-resource-usage\"":\""azure-cloud-shell\""""]",Storage,Tables,Batch Write Operations,0.011747016,0.000142625,INR
csg10032001018be032,/subscriptions/ab47d4c6-aa42-4b26-95fa-953b8ed93a69/resourcegroups/cloud-shell-storage-centralindia/providers/microsoft.storage/storageaccounts/csg10032001018be032,Storage account,cloud-shell-storage-centralindia,/subscriptions/ab47d4c6-aa42-4b26-95fa-953b8ed93a69/resourcegroups/cloud-shell-storage-centralindia,IN Central,Visual Studio Professional Subscription,ab47d4c6-aa42-4b26-95fa-953b8ed93a69,"[""\""ms-resource-usage\"":\""azure-cloud-shell\""""]",Storage,Files,Protocol Operations,0.007539264,9.1385E-05,INR
csg10032001018be032,/subscriptions/ab47d4c6-aa42-4b26-95fa-953b8ed93a69/resourcegroups/cloud-shell-storage-centralindia/providers/microsoft.storage/storageaccounts/csg10032001018be032,Storage account,cloud-shell-storage-centralindia,/subscriptions/ab47d4c6-aa42-4b26-95fa-953b8ed93a69/resourcegroups/cloud-shell-storage-centralindia,IN Central,Visual Studio Professional Subscription,ab47d4c6-aa42-4b26-95fa-953b8ed93a69,"[""\""ms-resource-usage\"":\""azure-cloud-shell\""""]",Storage,Tiered Block Blob,All Other Operations,0.006323583,7.6783E-05,INR
46fc5010-b4b2-48f4-9912-9b0096985435,/subscriptions/ab47d4c6-aa42-4b26-95fa-953b8ed93a69/resourcegroups/mc_rg_memilavi_readitapp_readit-card-aks_centralindia/providers/microsoft.network/publicipaddresses/46fc5010-b4b2-48f4-9912-9b0096985435,Public IP address,mc_rg_memilavi_readitapp_readit-card-aks_centralindia,/subscriptions/ab47d4c6-aa42-4b26-95fa-953b8ed93a69/resourcegroups/mc_rg_memilavi_readitapp_readit-card-aks_centralindia,IN Central,Visual Studio Professional Subscription,ab47d4c6-aa42-4b26-95fa-953b8ed93a69,"[""\""aks-managed-cluster-name\"":\""readit-card-aks\"""",""\""aks-managed-cluster-rg\"":\""rg_memilavi_readitapp\"""",""\""aks-managed-type\"":\""aks-slb-managed-outbound-ip\""""]",Virtual Network,IP Addresses,Standard IPv4 Static Public IP,23.46029772,0.285905068,INR
kubernetes-a52f56dfd80ac479c8ea66702949b059,/subscriptions/ab47d4c6-aa42-4b26-95fa-953b8ed93a69/resourcegroups/mc_rg_memilavi_readitapp_readit-card-aks_centralindia/providers/microsoft.network/publicipaddresses/kubernetes-a52f56dfd80ac479c8ea66702949b059,Public IP address,mc_rg_memilavi_readitapp_readit-card-aks_centralindia,/subscriptions/ab47d4c6-aa42-4b26-95fa-953b8ed93a69/resourcegroups/mc_rg_memilavi_readitapp_readit-card-aks_centralindia,IN Central,Visual Studio Professional Subscription,ab47d4c6-aa42-4b26-95fa-953b8ed93a69,"[""\""k8s-azure-cluster-name\"":\""kubernetes\"""",""\""k8s-azure-service\"":\""default/readit-cart\""""]",Virtual Network,IP Addresses,Standard IPv4 Static Public IP,21.49693772,0.261978066,INR
azurefunctionstorgae,/subscriptions/ab47d4c6-aa42-4b26-95fa-953b8ed93a69/resourcegroups/azurefunction_sb/providers/microsoft.storage/storageaccounts/azurefunctionstorgae,Storage account,azurefunction_sb,/subscriptions/ab47d4c6-aa42-4b26-95fa-953b8ed93a69/resourcegroups/azurefunction_sb,IN Central,Visual Studio Professional Subscription,ab47d4c6-aa42-4b26-95fa-953b8ed93a69,"[""\""#azure_function\"":\""azurefunction\""""]",Storage,"Files, General Block Blob",LRS Write Operations,13.004527,0.157894808,INR
azurefunctionstorgae,/subscriptions/ab47d4c6-aa42-4b26-95fa-953b8ed93a69/resourcegroups/azurefunction_sb/providers/microsoft.storage/storageaccounts/azurefunctionstorgae,Storage account,azurefunction_sb,/subscriptions/ab47d4c6-aa42-4b26-95fa-953b8ed93a69/resourcegroups/azurefunction_sb,IN Central,Visual Studio Professional Subscription,ab47d4c6-aa42-4b26-95fa-953b8ed93a69,"[""\""#azure_function\"":\""azurefunction\""""]",Storage,Files,Protocol Operations,1.707619736,0.02073297,INR
azurefunctionstorgae,/subscriptions/ab47d4c6-aa42-4b26-95fa-953b8ed93a69/resourcegroups/azurefunction_sb/providers/microsoft.storage/storageaccounts/azurefunctionstorgae,Storage account,azurefunction_sb,/subscriptions/ab47d4c6-aa42-4b26-95fa-953b8ed93a69/resourcegroups/azurefunction_sb,IN Central,Visual Studio Professional Subscription,ab47d4c6-aa42-4b26-95fa-953b8ed93a69,"[""\""#azure_function\"":\""azurefunction\""""]",Storage,"General Block Blob, Files",Read Operations,1.648664192,0.020016806,INR
azurefunctionstorgae,/subscriptions/ab47d4c6-aa42-4b26-95fa-953b8ed93a69/resourcegroups/azurefunction_sb/providers/microsoft.storage/storageaccounts/azurefunctionstorgae,Storage account,azurefunction_sb,/subscriptions/ab47d4c6-aa42-4b26-95fa-953b8ed93a69/resourcegroups/azurefunction_sb,IN Central,Visual Studio Professional Subscription,ab47d4c6-aa42-4b26-95fa-953b8ed93a69,"[""\""#azure_function\"":\""azurefunction\""""]",Storage,Queues,Class 2 Operations,0.809758142,0.009831549,INR
azurefunctionstorgae,/subscriptions/ab47d4c6-aa42-4b26-95fa-953b8ed93a69/resourcegroups/azurefunction_sb/providers/microsoft.storage/storageaccounts/azurefunctionstorgae,Storage account,azurefunction_sb,/subscriptions/ab47d4c6-aa42-4b26-95fa-953b8ed93a69/resourcegroups/azurefunction_sb,IN Central,Visual Studio Professional Subscription,ab47d4c6-aa42-4b26-95fa-953b8ed93a69,"[""\""#azure_function\"":\""azurefunction\""""]",Storage,Files,LRS Data Stored,0.046022316,0.000558773,INR
azurefunctionstorgae,/subscriptions/ab47d4c6-aa42-4b26-95fa-953b8ed93a69/resourcegroups/azurefunction_sb/providers/microsoft.storage/storageaccounts/azurefunctionstorgae,Storage account,azurefunction_sb,/subscriptions/ab47d4c6-aa42-4b26-95fa-953b8ed93a69/resourcegroups/azurefunction_sb,IN Central,Visual Studio Professional Subscription,ab47d4c6-aa42-4b26-95fa-953b8ed93a69,"[""\""#azure_function\"":\""azurefunction\""""]",Storage,General Block Blob,LRS List and Create Container Operations,0.023836123,0.000289404,INR
azurefunctionstorgae,/subscriptions/ab47d4c6-aa42-4b26-95fa-953b8ed93a69/resourcegroups/azurefunction_sb/providers/microsoft.storage/storageaccounts/azurefunctionstorgae,Storage account,azurefunction_sb,/subscriptions/ab47d4c6-aa42-4b26-95fa-953b8ed93a69/resourcegroups/azurefunction_sb,IN Central,Visual Studio Professional Subscription,ab47d4c6-aa42-4b26-95fa-953b8ed93a69,"[""\""#azure_function\"":\""azurefunction\""""]",Storage,Tables,Scan Operations,0.023168904,0.000281302,INR
azurefunctionstorgae,/subscriptions/ab47d4c6-aa42-4b26-95fa-953b8ed93a69/resourcegroups/azurefunction_sb/providers/microsoft.storage/storageaccounts/azurefunctionstorgae,Storage account,azurefunction_sb,/subscriptions/ab47d4c6-aa42-4b26-95fa-953b8ed93a69/resourcegroups/azurefunction_sb,IN Central,Visual Studio Professional Subscription,ab47d4c6-aa42-4b26-95fa-953b8ed93a69,"[""\""#azure_function\"":\""azurefunction\""""]",Storage,Tables,Write Operations,0.023168904,0.000281302,INR
azurefunctionstorgae,/subscriptions/ab47d4c6-aa42-4b26-95fa-953b8ed93a69/resourcegroups/azurefunction_sb/providers/microsoft.storage/storageaccounts/azurefunctionstorgae,Storage account,azurefunction_sb,/subscriptions/ab47d4c6-aa42-4b26-95fa-953b8ed93a69/resourcegroups/azurefunction_sb,IN Central,Visual Studio Professional Subscription,ab47d4c6-aa42-4b26-95fa-953b8ed93a69,"[""\""#azure_function\"":\""azurefunction\""""]",Storage,Tables,Batch Write Operations,0.01185445,0.00014393,INR
iventory-avalibility-test-sb-readit-inventory,/subscriptions/ab47d4c6-aa42-4b26-95fa-953b8ed93a69/resourcegroups/rg_memilavi_readitapp/providers/microsoft.insights/metricalerts/iventory-avalibility-test-sb-readit-inventory,microsoft.insights/metricalerts,rg_memilavi_readitapp,/subscriptions/ab47d4c6-aa42-4b26-95fa-953b8ed93a69/resourcegroups/rg_memilavi_readitapp,Unknown,Visual Studio Professional Subscription,ab47d4c6-aa42-4b26-95fa-953b8ed93a69,"[""\""hidden-link:/subscriptions/ab47d4c6-aa42-4b26-95fa-953b8ed93a69/resourcegroups/rg_memilavi_readitapp/providers/microsoft.insights/components/sb-readit-inventory\"":\""resource\"""",""\""hidden-link:/subscriptions/ab47d4c6-aa42-4b26-95fa-953b8ed93a69/resourcegroups/rg_memilavi_readitapp/providers/microsoft.insights/webtests/iventory-avalibility-test-sb-readit-inventory\"":\""resource\""""]",Azure Monitor,,Alerts Metric Monitored,13.1418619,0.160156745,INR
asp-rgmemilavireaditapp-99db,/subscriptions/ab47d4c6-aa42-4b26-95fa-953b8ed93a69/resourcegroups/rg_memilavi_readitapp/providers/microsoft.web/serverfarms/asp-rgmemilavireaditapp-99db,App Service plan,rg_memilavi_readitapp,/subscriptions/ab47d4c6-aa42-4b26-95fa-953b8ed93a69/resourcegroups/rg_memilavi_readitapp,IN Central,Visual Studio Professional Subscription,ab47d4c6-aa42-4b26-95fa-953b8ed93a69,[],Azure App Service,Standard Plan,S1 App,12.76872818,0.155609453,INR
sbreaditapp,/subscriptions/ab47d4c6-aa42-4b26-95fa-953b8ed93a69/resourcegroups/rg_memilavi_readitapp/providers/microsoft.network/trafficmanagerprofiles/sbreaditapp,Traffic Manager profile,rg_memilavi_readitapp,/subscriptions/ab47d4c6-aa42-4b26-95fa-953b8ed93a69/resourcegroups/rg_memilavi_readitapp,Unknown,Visual Studio Professional Subscription,ab47d4c6-aa42-4b26-95fa-953b8ed93a69,[],Traffic Manager,,Azure Endpoint Fast Interval Health Check Add-ons,12.20287264,0.148713506,INR
sbreaditapp,/subscriptions/ab47d4c6-aa42-4b26-95fa-953b8ed93a69/resourcegroups/rg_memilavi_readitapp/providers/microsoft.network/trafficmanagerprofiles/sbreaditapp,Traffic Manager profile,rg_memilavi_readitapp,/subscriptions/ab47d4c6-aa42-4b26-95fa-953b8ed93a69/resourcegroups/rg_memilavi_readitapp,Unknown,Visual Studio Professional Subscription,ab47d4c6-aa42-4b26-95fa-953b8ed93a69,[],Traffic Manager,,DNS Queries,0.097794301,0.001191796,INR
asp-rgmemilavireaditapp-893c,/subscriptions/ab47d4c6-aa42-4b26-95fa-953b8ed93a69/resourcegroups/rg_memilavi_readitapp/providers/microsoft.web/serverfarms/asp-rgmemilavireaditapp-893c,App Service plan,rg_memilavi_readitapp,/subscriptions/ab47d4c6-aa42-4b26-95fa-953b8ed93a69/resourcegroups/rg_memilavi_readitapp,US East,Visual Studio Professional Subscription,ab47d4c6-aa42-4b26-95fa-953b8ed93a69,[],Azure App Service,Standard Plan,S1,10.0865251,0.122922082,INR
privatelink.vaultcore.azure.net,/subscriptions/ab47d4c6-aa42-4b26-95fa-953b8ed93a69/resourcegroups/rg_memilavi_readitapp/providers/microsoft.network/privatednszones/privatelink.vaultcore.azure.net,Private DNS zone,rg_memilavi_readitapp,/subscriptions/ab47d4c6-aa42-4b26-95fa-953b8ed93a69/resourcegroups/rg_memilavi_readitapp,Unknown,Visual Studio Professional Subscription,ab47d4c6-aa42-4b26-95fa-953b8ed93a69,[],Azure DNS,,Private Zone,10.05000578,0.12247703,INR
privatelink.vaultcore.azure.net,/subscriptions/ab47d4c6-aa42-4b26-95fa-953b8ed93a69/resourcegroups/rg_memilavi_readitapp/providers/microsoft.network/privatednszones/privatelink.vaultcore.azure.net,Private DNS zone,rg_memilavi_readitapp,/subscriptions/ab47d4c6-aa42-4b26-95fa-953b8ed93a69/resourcegroups/rg_memilavi_readitapp,Unknown,Visual Studio Professional Subscription,ab47d4c6-aa42-4b26-95fa-953b8ed93a69,[],Azure DNS,,Private Queries,0.00025131,3.06266E-06,INR
subhasish-ag,/subscriptions/ab47d4c6-aa42-4b26-95fa-953b8ed93a69/resourcegroups/rg_memilavi_readitapp/providers/microsoft.insights/actiongroups/subhasish-ag,microsoft.insights/actiongroups,rg_memilavi_readitapp,/subscriptions/ab47d4c6-aa42-4b26-95fa-953b8ed93a69/resourcegroups/rg_memilavi_readitapp,"US East 2, US West, US West 2, US North Central",Visual Studio Professional Subscription,ab47d4c6-aa42-4b26-95fa-953b8ed93a69,[],Azure Monitor,,SMS Country Code 91 Notification,3.958128,0.048236764,INR
subhasish-ag,/subscriptions/ab47d4c6-aa42-4b26-95fa-953b8ed93a69/resourcegroups/rg_memilavi_readitapp/providers/microsoft.insights/actiongroups/subhasish-ag,microsoft.insights/actiongroups,rg_memilavi_readitapp,/subscriptions/ab47d4c6-aa42-4b26-95fa-953b8ed93a69/resourcegroups/rg_memilavi_readitapp,"US East 2, US West, US West 2, US North Central",Visual Studio Professional Subscription,ab47d4c6-aa42-4b26-95fa-953b8ed93a69,[],Azure Monitor,,Emails,0.01884,0.000229599,INR
high cpu utilization,/subscriptions/ab47d4c6-aa42-4b26-95fa-953b8ed93a69/resourcegroups/rg_memilavi_readitapp/providers/microsoft.insights/metricalerts/high cpu utilization,microsoft.insights/metricalerts,rg_memilavi_readitapp,/subscriptions/ab47d4c6-aa42-4b26-95fa-953b8ed93a69/resourcegroups/rg_memilavi_readitapp,Unknown,Visual Studio Professional Subscription,ab47d4c6-aa42-4b26-95fa-953b8ed93a69,[],Azure Monitor,,Alerts Metric Monitored,2.755040927,0.033575028,INR
weather-vm_disk1_1c7f6bc5b6e34859a2c273157c423b8f,/subscriptions/ab47d4c6-aa42-4b26-95fa-953b8ed93a69/resourcegroups/rg_memilavi_readitapp/providers/microsoft.compute/disks/weather-vm_disk1_1c7f6bc5b6e34859a2c273157c423b8f,Disk,rg_memilavi_readitapp,/subscriptions/ab47d4c6-aa42-4b26-95fa-953b8ed93a69/resourcegroups/rg_memilavi_readitapp,IN Central,Visual Studio Professional Subscription,ab47d4c6-aa42-4b26-95fa-953b8ed93a69,[],Storage,Standard SSD Managed Disks,E4 Disks,1.393264858,0.016979387,INR
weather-vm_disk1_1c7f6bc5b6e34859a2c273157c423b8f,/subscriptions/ab47d4c6-aa42-4b26-95fa-953b8ed93a69/resourcegroups/rg_memilavi_readitapp/providers/microsoft.compute/disks/weather-vm_disk1_1c7f6bc5b6e34859a2c273157c423b8f,Disk,rg_memilavi_readitapp,/subscriptions/ab47d4c6-aa42-4b26-95fa-953b8ed93a69/resourcegroups/rg_memilavi_readitapp,IN Central,Visual Studio Professional Subscription,ab47d4c6-aa42-4b26-95fa-953b8ed93a69,[],Storage,Standard SSD Managed Disks,Disk Operations,0.866141294,0.010555458,INR
readitappfunctionstorage,/subscriptions/ab47d4c6-aa42-4b26-95fa-953b8ed93a69/resourcegroups/rg_memilavi_readitapp/providers/microsoft.storage/storageaccounts/readitappfunctionstorage,Storage account,rg_memilavi_readitapp,/subscriptions/ab47d4c6-aa42-4b26-95fa-953b8ed93a69/resourcegroups/rg_memilavi_readitapp,IN Central,Visual Studio Professional Subscription,ab47d4c6-aa42-4b26-95fa-953b8ed93a69,[],Storage,Files,LRS Write Operations,1.619773375,0.019680893,INR
readitappfunctionstorage,/subscriptions/ab47d4c6-aa42-4b26-95fa-953b8ed93a69/resourcegroups/rg_memilavi_readitapp/providers/microsoft.storage/storageaccounts/readitappfunctionstorage,Storage account,rg_memilavi_readitapp,/subscriptions/ab47d4c6-aa42-4b26-95fa-953b8ed93a69/resourcegroups/rg_memilavi_readitapp,IN Central,Visual Studio Professional Subscription,ab47d4c6-aa42-4b26-95fa-953b8ed93a69,[],Storage,Files,Protocol Operations,0.239842836,0.002914205,INR
readitappfunctionstorage,/subscriptions/ab47d4c6-aa42-4b26-95fa-953b8ed93a69/resourcegroups/rg_memilavi_readitapp/providers/microsoft.storage/storageaccounts/readitappfunctionstorage,Storage account,rg_memilavi_readitapp,/subscriptions/ab47d4c6-aa42-4b26-95fa-953b8ed93a69/resourcegroups/rg_memilavi_readitapp,IN Central,Visual Studio Professional Subscription,ab47d4c6-aa42-4b26-95fa-953b8ed93a69,[],Storage,Tiered Block Blob,All Other Operations,0.088668387,0.001078485,INR
readitappfunctionstorage,/subscriptions/ab47d4c6-aa42-4b26-95fa-953b8ed93a69/resourcegroups/rg_memilavi_readitapp/providers/microsoft.storage/storageaccounts/readitappfunctionstorage,Storage account,rg_memilavi_readitapp,/subscriptions/ab47d4c6-aa42-4b26-95fa-953b8ed93a69/resourcegroups/rg_memilavi_readitapp,IN Central,Visual Studio Professional Subscription,ab47d4c6-aa42-4b26-95fa-953b8ed93a69,[],Storage,"Files, Tables",LRS Data Stored,0.08068159,0.000980014,INR
readitappfunctionstorage,/subscriptions/ab47d4c6-aa42-4b26-95fa-953b8ed93a69/resourcegroups/rg_memilavi_readitapp/providers/microsoft.storage/storageaccounts/readitappfunctionstorage,Storage account,rg_memilavi_readitapp,/subscriptions/ab47d4c6-aa42-4b26-95fa-953b8ed93a69/resourcegroups/rg_memilavi_readitapp,IN Central,Visual Studio Professional Subscription,ab47d4c6-aa42-4b26-95fa-953b8ed93a69,[],Storage,"Files, Tables",Read Operations,0.054083852,0.00065718,INR
readitappfunctionstorage,/subscriptions/ab47d4c6-aa42-4b26-95fa-953b8ed93a69/resourcegroups/rg_memilavi_readitapp/providers/microsoft.storage/storageaccounts/readitappfunctionstorage,Storage account,rg_memilavi_readitapp,/subscriptions/ab47d4c6-aa42-4b26-95fa-953b8ed93a69/resourcegroups/rg_memilavi_readitapp,IN Central,Visual Studio Professional Subscription,ab47d4c6-aa42-4b26-95fa-953b8ed93a69,[],Storage,Tables,Batch Write Operations,0.010681162,0.000129717,INR
readitappfunctionstorage,/subscriptions/ab47d4c6-aa42-4b26-95fa-953b8ed93a69/resourcegroups/rg_memilavi_readitapp/providers/microsoft.storage/storageaccounts/readitappfunctionstorage,Storage account,rg_memilavi_readitapp,/subscriptions/ab47d4c6-aa42-4b26-95fa-953b8ed93a69/resourcegroups/rg_memilavi_readitapp,IN Central,Visual Studio Professional Subscription,ab47d4c6-aa42-4b26-95fa-953b8ed93a69,[],Storage,Tiered Block Blob,LRS List and Create Container Operations,0.006911035,8.39605E-05,INR
readitappfunctionstorage,/subscriptions/ab47d4c6-aa42-4b26-95fa-953b8ed93a69/resourcegroups/rg_memilavi_readitapp/providers/microsoft.storage/storageaccounts/readitappfunctionstorage,Storage account,rg_memilavi_readitapp,/subscriptions/ab47d4c6-aa42-4b26-95fa-953b8ed93a69/resourcegroups/rg_memilavi_readitapp,IN Central,Visual Studio Professional Subscription,ab47d4c6-aa42-4b26-95fa-953b8ed93a69,[],Storage,Tiered Block Blob,Hot LRS Write Operations,0.004319397,5.24096E-05,INR
readitappfunctionstorage,/subscriptions/ab47d4c6-aa42-4b26-95fa-953b8ed93a69/resourcegroups/rg_memilavi_readitapp/providers/microsoft.storage/storageaccounts/readitappfunctionstorage,Storage account,rg_memilavi_readitapp,/subscriptions/ab47d4c6-aa42-4b26-95fa-953b8ed93a69/resourcegroups/rg_memilavi_readitapp,IN Central,Visual Studio Professional Subscription,ab47d4c6-aa42-4b26-95fa-953b8ed93a69,[],Storage,Tiered Block Blob,Hot Read Operations,0.00359373,4.37145E-05,INR
readitappfunctionstorage,/subscriptions/ab47d4c6-aa42-4b26-95fa-953b8ed93a69/resourcegroups/rg_memilavi_readitapp/providers/microsoft.storage/storageaccounts/readitappfunctionstorage,Storage account,rg_memilavi_readitapp,/subscriptions/ab47d4c6-aa42-4b26-95fa-953b8ed93a69/resourcegroups/rg_memilavi_readitapp,IN Central,Visual Studio Professional Subscription,ab47d4c6-aa42-4b26-95fa-953b8ed93a69,[],Storage,Tables,Write Operations,1.69632E-05,2.05437E-07,INR
weather-vm,/subscriptions/ab47d4c6-aa42-4b26-95fa-953b8ed93a69/resourcegroups/rg_memilavi_readitapp/providers/microsoft.compute/virtualmachines/weather-vm,Virtual machine,rg_memilavi_readitapp,/subscriptions/ab47d4c6-aa42-4b26-95fa-953b8ed93a69/resourcegroups/rg_memilavi_readitapp,"Intercontinental, Asia, IN Central",Visual Studio Professional Subscription,ab47d4c6-aa42-4b26-95fa-953b8ed93a69,[],Virtual Machines,BS Series,B1s,2.067066681,0.02519085,INR
weather-vm,/subscriptions/ab47d4c6-aa42-4b26-95fa-953b8ed93a69/resourcegroups/rg_memilavi_readitapp/providers/microsoft.compute/virtualmachines/weather-vm,Virtual machine,rg_memilavi_readitapp,/subscriptions/ab47d4c6-aa42-4b26-95fa-953b8ed93a69/resourcegroups/rg_memilavi_readitapp,"Intercontinental, Asia, IN Central",Visual Studio Professional Subscription,ab47d4c6-aa42-4b26-95fa-953b8ed93a69,[],Bandwidth,,Standard Data Transfer Out,0.007987817,9.73456E-05,INR
weather-vm,/subscriptions/ab47d4c6-aa42-4b26-95fa-953b8ed93a69/resourcegroups/rg_memilavi_readitapp/providers/microsoft.compute/virtualmachines/weather-vm,Virtual machine,rg_memilavi_readitapp,/subscriptions/ab47d4c6-aa42-4b26-95fa-953b8ed93a69/resourcegroups/rg_memilavi_readitapp,"Intercontinental, Asia, IN Central",Visual Studio Professional Subscription,ab47d4c6-aa42-4b26-95fa-953b8ed93a69,[],Bandwidth,Inter-Region,Intra Continent Data Transfer Out,0.004788684,5.83586E-05,INR
weather-vm,/subscriptions/ab47d4c6-aa42-4b26-95fa-953b8ed93a69/resourcegroups/rg_memilavi_readitapp/providers/microsoft.compute/virtualmachines/weather-vm,Virtual machine,rg_memilavi_readitapp,/subscriptions/ab47d4c6-aa42-4b26-95fa-953b8ed93a69/resourcegroups/rg_memilavi_readitapp,"Intercontinental, Asia, IN Central",Visual Studio Professional Subscription,ab47d4c6-aa42-4b26-95fa-953b8ed93a69,[],Virtual Network,Private Link,Standard Data Processed - Ingress,1.56171E-05,1.90321E-07,INR
weather-vm,/subscriptions/ab47d4c6-aa42-4b26-95fa-953b8ed93a69/resourcegroups/rg_memilavi_readitapp/providers/microsoft.compute/virtualmachines/weather-vm,Virtual machine,rg_memilavi_readitapp,/subscriptions/ab47d4c6-aa42-4b26-95fa-953b8ed93a69/resourcegroups/rg_memilavi_readitapp,"Intercontinental, Asia, IN Central",Visual Studio Professional Subscription,ab47d4c6-aa42-4b26-95fa-953b8ed93a69,[],Virtual Network,Private Link,Standard Data Processed - Egress,2.72523E-06,3.32118E-08,INR
weather-vm,/subscriptions/ab47d4c6-aa42-4b26-95fa-953b8ed93a69/resourcegroups/rg_memilavi_readitapp/providers/microsoft.compute/virtualmachines/weather-vm,Virtual machine,rg_memilavi_readitapp,/subscriptions/ab47d4c6-aa42-4b26-95fa-953b8ed93a69/resourcegroups/rg_memilavi_readitapp,"Intercontinental, Asia, IN Central",Visual Studio Professional Subscription,ab47d4c6-aa42-4b26-95fa-953b8ed93a69,[],Bandwidth,Inter-Region,Inter Continent Data Transfer Out - ASIA To Any,9.47907E-07,1.15519E-08,INR
defaultworkspace-ab47d4c6-aa42-4b26-95fa-953b8ed93a69-eus,/subscriptions/ab47d4c6-aa42-4b26-95fa-953b8ed93a69/resourcegroups/defaultresourcegroup-eus/providers/microsoft.operationalinsights/workspaces/defaultworkspace-ab47d4c6-aa42-4b26-95fa-953b8ed93a69-eus,Log Analytics workspace,defaultresourcegroup-eus,/subscriptions/ab47d4c6-aa42-4b26-95fa-953b8ed93a69/resourcegroups/defaultresourcegroup-eus,US East,Visual Studio Professional Subscription,ab47d4c6-aa42-4b26-95fa-953b8ed93a69,[],Log Analytics,,Pay-as-you-go Data Ingestion,1.283444145,0.015641028,INR
kubernetes-af6cbdc6ea15640f784e013a4be31ed2,/subscriptions/ab47d4c6-aa42-4b26-95fa-953b8ed93a69/resourcegroups/mc_rg_memilavi_readitapp_readit-card-aks_centralindia/providers/microsoft.network/publicipaddresses/kubernetes-af6cbdc6ea15640f784e013a4be31ed2,Public IP address,mc_rg_memilavi_readitapp_readit-card-aks_centralindia,/subscriptions/ab47d4c6-aa42-4b26-95fa-953b8ed93a69/resourcegroups/mc_rg_memilavi_readitapp_readit-card-aks_centralindia,IN Central,Visual Studio Professional Subscription,ab47d4c6-aa42-4b26-95fa-953b8ed93a69,"[""\""k8s-azure-cluster-name\"":\""kubernetes\"""",""\""k8s-azure-service\"":\""default/readit-cart\""""]",Virtual Network,IP Addresses,Standard IPv4 Static Public IP,1.228517982,0.014971656,INR
weather-vm-ip,/subscriptions/ab47d4c6-aa42-4b26-95fa-953b8ed93a69/resourcegroups/rg_memilavi_readitapp/providers/microsoft.network/publicipaddresses/weather-vm-ip,Public IP address,rg_memilavi_readitapp,/subscriptions/ab47d4c6-aa42-4b26-95fa-953b8ed93a69/resourcegroups/rg_memilavi_readitapp,IN Central,Visual Studio Professional Subscription,ab47d4c6-aa42-4b26-95fa-953b8ed93a69,[],Virtual Network,IP Addresses,Basic IPv4 Static Public IP,1.105764978,0.013475695,INR
sbreaditfunctionapp,/subscriptions/ab47d4c6-aa42-4b26-95fa-953b8ed93a69/resourcegroups/rg_memilavi_readitapp/providers/microsoft.insights/components/sbreaditfunctionapp,Application Insights app,rg_memilavi_readitapp,/subscriptions/ab47d4c6-aa42-4b26-95fa-953b8ed93a69/resourcegroups/rg_memilavi_readitapp,IN Central,Visual Studio Professional Subscription,ab47d4c6-aa42-4b26-95fa-953b8ed93a69,[],Log Analytics,,Pay-as-you-go Data Ingestion,0.990927093,0.012059897,INR
cpu usage percentage - readit-card-aks,/subscriptions/ab47d4c6-aa42-4b26-95fa-953b8ed93a69/resourcegroups/rg_memilavi_readitapp/providers/microsoft.insights/metricalerts/cpu usage percentage - readit-card-aks,microsoft.insights/metricalerts,rg_memilavi_readitapp,/subscriptions/ab47d4c6-aa42-4b26-95fa-953b8ed93a69/resourcegroups/rg_memilavi_readitapp,Unknown,Visual Studio Professional Subscription,ab47d4c6-aa42-4b26-95fa-953b8ed93a69,[],Azure Monitor,,Alerts Metric Monitored,0.812789852,0.009905277,INR
memory working set percentage - readit-card-aks,/subscriptions/ab47d4c6-aa42-4b26-95fa-953b8ed93a69/resourcegroups/rg_memilavi_readitapp/providers/microsoft.insights/metricalerts/memory working set percentage - readit-card-aks,microsoft.insights/metricalerts,rg_memilavi_readitapp,/subscriptions/ab47d4c6-aa42-4b26-95fa-953b8ed93a69/resourcegroups/rg_memilavi_readitapp,Unknown,Visual Studio Professional Subscription,ab47d4c6-aa42-4b26-95fa-953b8ed93a69,[],Azure Monitor,,Alerts Metric Monitored,0.812789852,0.009905277,INR
sb-readit-inventory,/subscriptions/ab47d4c6-aa42-4b26-95fa-953b8ed93a69/resourcegroups/rg_memilavi_readitapp/providers/microsoft.web/sites/sb-readit-inventory,App Service web app,rg_memilavi_readitapp,/subscriptions/ab47d4c6-aa42-4b26-95fa-953b8ed93a69/resourcegroups/rg_memilavi_readitapp,IN Central,Visual Studio Professional Subscription,ab47d4c6-aa42-4b26-95fa-953b8ed93a69,[],Bandwidth,,Standard Data Transfer Out,0.517903614,0.006311412,INR
sb-readit-inventory,/subscriptions/ab47d4c6-aa42-4b26-95fa-953b8ed93a69/resourcegroups/rg_memilavi_readitapp/providers/microsoft.web/sites/sb-readit-inventory,App Service web app,rg_memilavi_readitapp,/subscriptions/ab47d4c6-aa42-4b26-95fa-953b8ed93a69/resourcegroups/rg_memilavi_readitapp,IN Central,Visual Studio Professional Subscription,ab47d4c6-aa42-4b26-95fa-953b8ed93a69,[],Azure App Service,Free Plan,F1 App,0,0,INR
kubernetes-ac7deb8d355934c4fa36e1137d7f52bc,/subscriptions/ab47d4c6-aa42-4b26-95fa-953b8ed93a69/resourcegroups/mc_rg_memilavi_readitapp_readit-card-aks_centralindia/providers/microsoft.network/publicipaddresses/kubernetes-ac7deb8d355934c4fa36e1137d7f52bc,Public IP address,mc_rg_memilavi_readitapp_readit-card-aks_centralindia,/subscriptions/ab47d4c6-aa42-4b26-95fa-953b8ed93a69/resourcegroups/mc_rg_memilavi_readitapp_readit-card-aks_centralindia,IN Central,Visual Studio Professional Subscription,ab47d4c6-aa42-4b26-95fa-953b8ed93a69,"[""\""k8s-azure-cluster-name\"":\""kubernetes\"""",""\""k8s-azure-service\"":\""default/readit-cart\""""]",Virtual Network,IP Addresses,Standard IPv4 Static Public IP,0.488985716,0.005959153,INR
sbtestfirstfunction,/subscriptions/ab47d4c6-aa42-4b26-95fa-953b8ed93a69/resourcegroups/azurefunction_sb/providers/microsoft.web/sites/sbtestfirstfunction,App Service web app,azurefunction_sb,/subscriptions/ab47d4c6-aa42-4b26-95fa-953b8ed93a69/resourcegroups/azurefunction_sb,IN Central,Visual Studio Professional Subscription,ab47d4c6-aa42-4b26-95fa-953b8ed93a69,"[""\""#azure_function\"":\""azurefunction\""""]",Functions,,Standard Execution Time,0.296407993,0.00359886,INR
sbtestfirstfunction,/subscriptions/ab47d4c6-aa42-4b26-95fa-953b8ed93a69/resourcegroups/azurefunction_sb/providers/microsoft.web/sites/sbtestfirstfunction,App Service web app,azurefunction_sb,/subscriptions/ab47d4c6-aa42-4b26-95fa-953b8ed93a69/resourcegroups/azurefunction_sb,IN Central,Visual Studio Professional Subscription,ab47d4c6-aa42-4b26-95fa-953b8ed93a69,"[""\""#azure_function\"":\""azurefunction\""""]",Functions,,Standard Total Executions,0.106917,0.001298127,INR
sbtestfirstfunction,/subscriptions/ab47d4c6-aa42-4b26-95fa-953b8ed93a69/resourcegroups/azurefunction_sb/providers/microsoft.web/sites/sbtestfirstfunction,App Service web app,azurefunction_sb,/subscriptions/ab47d4c6-aa42-4b26-95fa-953b8ed93a69/resourcegroups/azurefunction_sb,IN Central,Visual Studio Professional Subscription,ab47d4c6-aa42-4b26-95fa-953b8ed93a69,"[""\""#azure_function\"":\""azurefunction\""""]",Bandwidth,,Standard Data Transfer Out,0.002450276,2.9689E-05,INR
sbtestfirstfunction,/subscriptions/ab47d4c6-aa42-4b26-95fa-953b8ed93a69/resourcegroups/azurefunction_sb/providers/microsoft.web/sites/sbtestfirstfunction,App Service web app,azurefunction_sb,/subscriptions/ab47d4c6-aa42-4b26-95fa-953b8ed93a69/resourcegroups/azurefunction_sb,IN Central,Visual Studio Professional Subscription,ab47d4c6-aa42-4b26-95fa-953b8ed93a69,"[""\""#azure_function\"":\""azurefunction\""""]",Azure App Service,Free Plan,F1 App,0,0,INR
networkwatcher_centralindia,/subscriptions/ab47d4c6-aa42-4b26-95fa-953b8ed93a69/resourcegroups/networkwatcherrg/providers/microsoft.network/networkwatchers/networkwatcher_centralindia,Network Watcher,networkwatcherrg,/subscriptions/ab47d4c6-aa42-4b26-95fa-953b8ed93a69/resourcegroups/networkwatcherrg,IN Central,Visual Studio Professional Subscription,ab47d4c6-aa42-4b26-95fa-953b8ed93a69,[],Network Watcher,,Standard Diagnostic Tool API,0.235602,0.002871226,INR
readitorderssb,/subscriptions/ab47d4c6-aa42-4b26-95fa-953b8ed93a69/resourcegroups/rg_memilavi_readitapp/providers/microsoft.storage/storageaccounts/readitorderssb,Storage account,rg_memilavi_readitapp,/subscriptions/ab47d4c6-aa42-4b26-95fa-953b8ed93a69/resourcegroups/rg_memilavi_readitapp,"IN Central, Asia",Visual Studio Professional Subscription,ab47d4c6-aa42-4b26-95fa-953b8ed93a69,[],Storage,Tables,RA-GRS Data Stored,0.027795322,0.000337841,INR
readitorderssb,/subscriptions/ab47d4c6-aa42-4b26-95fa-953b8ed93a69/resourcegroups/rg_memilavi_readitapp/providers/microsoft.storage/storageaccounts/readitorderssb,Storage account,rg_memilavi_readitapp,/subscriptions/ab47d4c6-aa42-4b26-95fa-953b8ed93a69/resourcegroups/rg_memilavi_readitapp,"IN Central, Asia",Visual Studio Professional Subscription,ab47d4c6-aa42-4b26-95fa-953b8ed93a69,[],Storage,Tables,GRS Batch Write Operations,0.019796054,0.000240459,INR
readitorderssb,/subscriptions/ab47d4c6-aa42-4b26-95fa-953b8ed93a69/resourcegroups/rg_memilavi_readitapp/providers/microsoft.storage/storageaccounts/readitorderssb,Storage account,rg_memilavi_readitapp,/subscriptions/ab47d4c6-aa42-4b26-95fa-953b8ed93a69/resourcegroups/rg_memilavi_readitapp,"IN Central, Asia",Visual Studio Professional Subscription,ab47d4c6-aa42-4b26-95fa-953b8ed93a69,[],Storage,Tiered Block Blob,GRS List and Create Container Operations,0.019005349,0.000231088,INR
readitorderssb,/subscriptions/ab47d4c6-aa42-4b26-95fa-953b8ed93a69/resourcegroups/rg_memilavi_readitapp/providers/microsoft.storage/storageaccounts/readitorderssb,Storage account,rg_memilavi_readitapp,/subscriptions/ab47d4c6-aa42-4b26-95fa-953b8ed93a69/resourcegroups/rg_memilavi_readitapp,"IN Central, Asia",Visual Studio Professional Subscription,ab47d4c6-aa42-4b26-95fa-953b8ed93a69,[],Bandwidth,Inter-Region,Intra Continent Data Transfer Out,0.018220041,0.000221315,INR
readitorderssb,/subscriptions/ab47d4c6-aa42-4b26-95fa-953b8ed93a69/resourcegroups/rg_memilavi_readitapp/providers/microsoft.storage/storageaccounts/readitorderssb,Storage account,rg_memilavi_readitapp,/subscriptions/ab47d4c6-aa42-4b26-95fa-953b8ed93a69/resourcegroups/rg_memilavi_readitapp,"IN Central, Asia",Visual Studio Professional Subscription,ab47d4c6-aa42-4b26-95fa-953b8ed93a69,[],Storage,Tiered Block Blob,All Other Operations,0.008224114,9.99128E-05,INR
readitorderssb,/subscriptions/ab47d4c6-aa42-4b26-95fa-953b8ed93a69/resourcegroups/rg_memilavi_readitapp/providers/microsoft.storage/storageaccounts/readitorderssb,Storage account,rg_memilavi_readitapp,/subscriptions/ab47d4c6-aa42-4b26-95fa-953b8ed93a69/resourcegroups/rg_memilavi_readitapp,"IN Central, Asia",Visual Studio Professional Subscription,ab47d4c6-aa42-4b26-95fa-953b8ed93a69,[],Storage,Tiered Block Blob,Hot GRS Write Operations,0.004319397,5.25738E-05,INR
readitorderssb,/subscriptions/ab47d4c6-aa42-4b26-95fa-953b8ed93a69/resourcegroups/rg_memilavi_readitapp/providers/microsoft.storage/storageaccounts/readitorderssb,Storage account,rg_memilavi_readitapp,/subscriptions/ab47d4c6-aa42-4b26-95fa-953b8ed93a69/resourcegroups/rg_memilavi_readitapp,"IN Central, Asia",Visual Studio Professional Subscription,ab47d4c6-aa42-4b26-95fa-953b8ed93a69,[],Storage,Bandwidth,Geo-Replication v2 Data Transfer,0.002498968,3.02664E-05,INR
readitorderssb,/subscriptions/ab47d4c6-aa42-4b26-95fa-953b8ed93a69/resourcegroups/rg_memilavi_readitapp/providers/microsoft.storage/storageaccounts/readitorderssb,Storage account,rg_memilavi_readitapp,/subscriptions/ab47d4c6-aa42-4b26-95fa-953b8ed93a69/resourcegroups/rg_memilavi_readitapp,"IN Central, Asia",Visual Studio Professional Subscription,ab47d4c6-aa42-4b26-95fa-953b8ed93a69,[],Storage,Tiered Block Blob,Hot Read Operations,0.000587437,7.15895E-06,INR
readitorderssb,/subscriptions/ab47d4c6-aa42-4b26-95fa-953b8ed93a69/resourcegroups/rg_memilavi_readitapp/providers/microsoft.storage/storageaccounts/readitorderssb,Storage account,rg_memilavi_readitapp,/subscriptions/ab47d4c6-aa42-4b26-95fa-953b8ed93a69/resourcegroups/rg_memilavi_readitapp,"IN Central, Asia",Visual Studio Professional Subscription,ab47d4c6-aa42-4b26-95fa-953b8ed93a69,[],Bandwidth,,Standard Data Transfer Out,0.000282724,3.44048E-06,INR
readitorderssb,/subscriptions/ab47d4c6-aa42-4b26-95fa-953b8ed93a69/resourcegroups/rg_memilavi_readitapp/providers/microsoft.storage/storageaccounts/readitorderssb,Storage account,rg_memilavi_readitapp,/subscriptions/ab47d4c6-aa42-4b26-95fa-953b8ed93a69/resourcegroups/rg_memilavi_readitapp,"IN Central, Asia",Visual Studio Professional Subscription,ab47d4c6-aa42-4b26-95fa-953b8ed93a69,[],Storage,"Files, Tables",Read Operations,0.000069738,8.4637E-07,INR
readitorderssb,/subscriptions/ab47d4c6-aa42-4b26-95fa-953b8ed93a69/resourcegroups/rg_memilavi_readitapp/providers/microsoft.storage/storageaccounts/readitorderssb,Storage account,rg_memilavi_readitapp,/subscriptions/ab47d4c6-aa42-4b26-95fa-953b8ed93a69/resourcegroups/rg_memilavi_readitapp,"IN Central, Asia",Visual Studio Professional Subscription,ab47d4c6-aa42-4b26-95fa-953b8ed93a69,[],Storage,Tables,GRS Write Operations,2.26176E-05,2.73916E-07,INR
readitorderssb,/subscriptions/ab47d4c6-aa42-4b26-95fa-953b8ed93a69/resourcegroups/rg_memilavi_readitapp/providers/microsoft.storage/storageaccounts/readitorderssb,Storage account,rg_memilavi_readitapp,/subscriptions/ab47d4c6-aa42-4b26-95fa-953b8ed93a69/resourcegroups/rg_memilavi_readitapp,"IN Central, Asia",Visual Studio Professional Subscription,ab47d4c6-aa42-4b26-95fa-953b8ed93a69,[],Bandwidth,,Standard Data Transfer In,0,0,INR
readitorderssb,/subscriptions/ab47d4c6-aa42-4b26-95fa-953b8ed93a69/resourcegroups/rg_memilavi_readitapp/providers/microsoft.storage/storageaccounts/readitorderssb,Storage account,rg_memilavi_readitapp,/subscriptions/ab47d4c6-aa42-4b26-95fa-953b8ed93a69/resourcegroups/rg_memilavi_readitapp,"IN Central, Asia",Visual Studio Professional Subscription,ab47d4c6-aa42-4b26-95fa-953b8ed93a69,[],Bandwidth,Inter-Region,Intra Continent Data Transfer In,0,0,INR
readitorderssb,/subscriptions/ab47d4c6-aa42-4b26-95fa-953b8ed93a69/resourcegroups/rg_memilavi_readitapp/providers/microsoft.storage/storageaccounts/readitorderssb,Storage account,rg_memilavi_readitapp,/subscriptions/ab47d4c6-aa42-4b26-95fa-953b8ed93a69/resourcegroups/rg_memilavi_readitapp,"IN Central, Asia",Visual Studio Professional Subscription,ab47d4c6-aa42-4b26-95fa-953b8ed93a69,[],Storage,Bandwidth,Geo-Replication Data transfer,0,0,INR
subhasishstorage,/subscriptions/ab47d4c6-aa42-4b26-95fa-953b8ed93a69/resourcegroups/rg_sb_storage/providers/microsoft.storage/storageaccounts/subhasishstorage,Storage account,rg_sb_storage,/subscriptions/ab47d4c6-aa42-4b26-95fa-953b8ed93a69/resourcegroups/rg_sb_storage,"IN Central, Asia",Visual Studio Professional Subscription,ab47d4c6-aa42-4b26-95fa-953b8ed93a69,[],Storage,Tables,GRS Batch Write Operations,0.023392253,0.000284014,INR
subhasishstorage,/subscriptions/ab47d4c6-aa42-4b26-95fa-953b8ed93a69/resourcegroups/rg_sb_storage/providers/microsoft.storage/storageaccounts/subhasishstorage,Storage account,rg_sb_storage,/subscriptions/ab47d4c6-aa42-4b26-95fa-953b8ed93a69/resourcegroups/rg_sb_storage,"IN Central, Asia",Visual Studio Professional Subscription,ab47d4c6-aa42-4b26-95fa-953b8ed93a69,[],Bandwidth,Inter-Region,Intra Continent Data Transfer Out,0.021480806,0.000260807,INR
subhasishstorage,/subscriptions/ab47d4c6-aa42-4b26-95fa-953b8ed93a69/resourcegroups/rg_sb_storage/providers/microsoft.storage/storageaccounts/subhasishstorage,Storage account,rg_sb_storage,/subscriptions/ab47d4c6-aa42-4b26-95fa-953b8ed93a69/resourcegroups/rg_sb_storage,"IN Central, Asia",Visual Studio Professional Subscription,ab47d4c6-aa42-4b26-95fa-953b8ed93a69,[],Storage,Tiered Block Blob,Hot RA-GRS Data Stored,0.013409766,0.000162813,INR
subhasishstorage,/subscriptions/ab47d4c6-aa42-4b26-95fa-953b8ed93a69/resourcegroups/rg_sb_storage/providers/microsoft.storage/storageaccounts/subhasishstorage,Storage account,rg_sb_storage,/subscriptions/ab47d4c6-aa42-4b26-95fa-953b8ed93a69/resourcegroups/rg_sb_storage,"IN Central, Asia",Visual Studio Professional Subscription,ab47d4c6-aa42-4b26-95fa-953b8ed93a69,[],Storage,Tiered Block Blob,All Other Operations,0.006323583,7.6783E-05,INR
subhasishstorage,/subscriptions/ab47d4c6-aa42-4b26-95fa-953b8ed93a69/resourcegroups/rg_sb_storage/providers/microsoft.storage/storageaccounts/subhasishstorage,Storage account,rg_sb_storage,/subscriptions/ab47d4c6-aa42-4b26-95fa-953b8ed93a69/resourcegroups/rg_sb_storage,"IN Central, Asia",Visual Studio Professional Subscription,ab47d4c6-aa42-4b26-95fa-953b8ed93a69,[],Bandwidth,Inter-Region,Intra Continent Data Transfer In,0,0,INR
subhasishstorage,/subscriptions/ab47d4c6-aa42-4b26-95fa-953b8ed93a69/resourcegroups/rg_sb_storage/providers/microsoft.storage/storageaccounts/subhasishstorage,Storage account,rg_sb_storage,/subscriptions/ab47d4c6-aa42-4b26-95fa-953b8ed93a69/resourcegroups/rg_sb_storage,"IN Central, Asia",Visual Studio Professional Subscription,ab47d4c6-aa42-4b26-95fa-953b8ed93a69,[],Storage,Bandwidth,Geo-Replication Data transfer,0,0,INR
sbmemidemostorage,/subscriptions/ab47d4c6-aa42-4b26-95fa-953b8ed93a69/resourcegroups/rg-sb-memidemo-storage/providers/microsoft.storage/storageaccounts/sbmemidemostorage,Storage account,rg-sb-memidemo-storage,/subscriptions/ab47d4c6-aa42-4b26-95fa-953b8ed93a69/resourcegroups/rg-sb-memidemo-storage,"Asia, IN South, IN Central",Visual Studio Professional Subscription,ab47d4c6-aa42-4b26-95fa-953b8ed93a69,[],Storage,Tiered Block Blob,GRS List and Create Container Operations,0.011230433,0.000136009,INR
sbmemidemostorage,/subscriptions/ab47d4c6-aa42-4b26-95fa-953b8ed93a69/resourcegroups/rg-sb-memidemo-storage/providers/microsoft.storage/storageaccounts/sbmemidemostorage,Storage account,rg-sb-memidemo-storage,/subscriptions/ab47d4c6-aa42-4b26-95fa-953b8ed93a69/resourcegroups/rg-sb-memidemo-storage,"Asia, IN South, IN Central",Visual Studio Professional Subscription,ab47d4c6-aa42-4b26-95fa-953b8ed93a69,[],Bandwidth,,Standard Data Transfer Out,0.010394827,0.000125889,INR
sbmemidemostorage,/subscriptions/ab47d4c6-aa42-4b26-95fa-953b8ed93a69/resourcegroups/rg-sb-memidemo-storage/providers/microsoft.storage/storageaccounts/sbmemidemostorage,Storage account,rg-sb-memidemo-storage,/subscriptions/ab47d4c6-aa42-4b26-95fa-953b8ed93a69/resourcegroups/rg-sb-memidemo-storage,"Asia, IN South, IN Central",Visual Studio Professional Subscription,ab47d4c6-aa42-4b26-95fa-953b8ed93a69,[],Storage,Bandwidth,Geo-Replication v2 Data Transfer,0.004930396,5.97108E-05,INR
sbmemidemostorage,/subscriptions/ab47d4c6-aa42-4b26-95fa-953b8ed93a69/resourcegroups/rg-sb-memidemo-storage/providers/microsoft.storage/storageaccounts/sbmemidemostorage,Storage account,rg-sb-memidemo-storage,/subscriptions/ab47d4c6-aa42-4b26-95fa-953b8ed93a69/resourcegroups/rg-sb-memidemo-storage,"Asia, IN South, IN Central",Visual Studio Professional Subscription,ab47d4c6-aa42-4b26-95fa-953b8ed93a69,[],Storage,Tiered Block Blob,All Other Operations,0.002729853,3.30606E-05,INR
sbmemidemostorage,/subscriptions/ab47d4c6-aa42-4b26-95fa-953b8ed93a69/resourcegroups/rg-sb-memidemo-storage/providers/microsoft.storage/storageaccounts/sbmemidemostorage,Storage account,rg-sb-memidemo-storage,/subscriptions/ab47d4c6-aa42-4b26-95fa-953b8ed93a69/resourcegroups/rg-sb-memidemo-storage,"Asia, IN South, IN Central",Visual Studio Professional Subscription,ab47d4c6-aa42-4b26-95fa-953b8ed93a69,[],Storage,Tiered Block Blob,Hot GRS Write Operations,0.001727759,2.09245E-05,INR
sbmemidemostorage,/subscriptions/ab47d4c6-aa42-4b26-95fa-953b8ed93a69/resourcegroups/rg-sb-memidemo-storage/providers/microsoft.storage/storageaccounts/sbmemidemostorage,Storage account,rg-sb-memidemo-storage,/subscriptions/ab47d4c6-aa42-4b26-95fa-953b8ed93a69/resourcegroups/rg-sb-memidemo-storage,"Asia, IN South, IN Central",Visual Studio Professional Subscription,ab47d4c6-aa42-4b26-95fa-953b8ed93a69,[],Storage,Tiered Block Blob,Hot Read Operations,0.000100524,1.21742E-06,INR
sbmemidemostorage,/subscriptions/ab47d4c6-aa42-4b26-95fa-953b8ed93a69/resourcegroups/rg-sb-memidemo-storage/providers/microsoft.storage/storageaccounts/sbmemidemostorage,Storage account,rg-sb-memidemo-storage,/subscriptions/ab47d4c6-aa42-4b26-95fa-953b8ed93a69/resourcegroups/rg-sb-memidemo-storage,"Asia, IN South, IN Central",Visual Studio Professional Subscription,ab47d4c6-aa42-4b26-95fa-953b8ed93a69,[],Bandwidth,Inter-Region,Intra Continent Data Transfer Out,6.91106E-05,8.36982E-07,INR
sbmemidemostorage,/subscriptions/ab47d4c6-aa42-4b26-95fa-953b8ed93a69/resourcegroups/rg-sb-memidemo-storage/providers/microsoft.storage/storageaccounts/sbmemidemostorage,Storage account,rg-sb-memidemo-storage,/subscriptions/ab47d4c6-aa42-4b26-95fa-953b8ed93a69/resourcegroups/rg-sb-memidemo-storage,"Asia, IN South, IN Central",Visual Studio Professional Subscription,ab47d4c6-aa42-4b26-95fa-953b8ed93a69,[],Storage,Tables,GRS Batch Write Operations,5.08896E-05,6.16311E-07,INR
sbmemidemostorage,/subscriptions/ab47d4c6-aa42-4b26-95fa-953b8ed93a69/resourcegroups/rg-sb-memidemo-storage/providers/microsoft.storage/storageaccounts/sbmemidemostorage,Storage account,rg-sb-memidemo-storage,/subscriptions/ab47d4c6-aa42-4b26-95fa-953b8ed93a69/resourcegroups/rg-sb-memidemo-storage,"Asia, IN South, IN Central",Visual Studio Professional Subscription,ab47d4c6-aa42-4b26-95fa-953b8ed93a69,[],Storage,"Files, Tables",Read Operations,5.79579E-05,7.01914E-07,INR
sbmemidemostorage,/subscriptions/ab47d4c6-aa42-4b26-95fa-953b8ed93a69/resourcegroups/rg-sb-memidemo-storage/providers/microsoft.storage/storageaccounts/sbmemidemostorage,Storage account,rg-sb-memidemo-storage,/subscriptions/ab47d4c6-aa42-4b26-95fa-953b8ed93a69/resourcegroups/rg-sb-memidemo-storage,"Asia, IN South, IN Central",Visual Studio Professional Subscription,ab47d4c6-aa42-4b26-95fa-953b8ed93a69,[],Storage,Tables,GRS Write Operations,2.26176E-05,2.73916E-07,INR
sbmemidemostorage,/subscriptions/ab47d4c6-aa42-4b26-95fa-953b8ed93a69/resourcegroups/rg-sb-memidemo-storage/providers/microsoft.storage/storageaccounts/sbmemidemostorage,Storage account,rg-sb-memidemo-storage,/subscriptions/ab47d4c6-aa42-4b26-95fa-953b8ed93a69/resourcegroups/rg-sb-memidemo-storage,"Asia, IN South, IN Central",Visual Studio Professional Subscription,ab47d4c6-aa42-4b26-95fa-953b8ed93a69,[],Bandwidth,,Standard Data Transfer In,0,0,INR
sbmemidemostorage,/subscriptions/ab47d4c6-aa42-4b26-95fa-953b8ed93a69/resourcegroups/rg-sb-memidemo-storage/providers/microsoft.storage/storageaccounts/sbmemidemostorage,Storage account,rg-sb-memidemo-storage,/subscriptions/ab47d4c6-aa42-4b26-95fa-953b8ed93a69/resourcegroups/rg-sb-memidemo-storage,"Asia, IN South, IN Central",Visual Studio Professional Subscription,ab47d4c6-aa42-4b26-95fa-953b8ed93a69,[],Bandwidth,Inter-Region,Intra Continent Data Transfer In,0,0,INR
sbmemidemostorage,/subscriptions/ab47d4c6-aa42-4b26-95fa-953b8ed93a69/resourcegroups/rg-sb-memidemo-storage/providers/microsoft.storage/storageaccounts/sbmemidemostorage,Storage account,rg-sb-memidemo-storage,/subscriptions/ab47d4c6-aa42-4b26-95fa-953b8ed93a69/resourcegroups/rg-sb-memidemo-storage,"Asia, IN South, IN Central",Visual Studio Professional Subscription,ab47d4c6-aa42-4b26-95fa-953b8ed93a69,[],Storage,Bandwidth,Geo-Replication Data transfer,0,0,INR
readit-sb-kv,/subscriptions/ab47d4c6-aa42-4b26-95fa-953b8ed93a69/resourcegroups/rg_memilavi_readitapp/providers/microsoft.keyvault/vaults/readit-sb-kv,Key vault,rg_memilavi_readitapp,/subscriptions/ab47d4c6-aa42-4b26-95fa-953b8ed93a69/resourcegroups/rg_memilavi_readitapp,IN Central,Visual Studio Professional Subscription,ab47d4c6-aa42-4b26-95fa-953b8ed93a69,[],Key Vault,,Operations,0.014371814,0.000175146,INR
sbimagecdn,/subscriptions/ab47d4c6-aa42-4b26-95fa-953b8ed93a69/resourcegroups/rg-sb-memidemo-storage/providers/microsoft.cdn/profiles/sbimagecdn,Front Door Standard/Premium (Preview),rg-sb-memidemo-storage,/subscriptions/ab47d4c6-aa42-4b26-95fa-953b8ed93a69/resourcegroups/rg-sb-memidemo-storage,Unknown,Visual Studio Professional Subscription,ab47d4c6-aa42-4b26-95fa-953b8ed93a69,[],Content Delivery Network,Azure CDN from Microsoft,Standard Data Transfer,0.004855923,5.88089E-05,INR
sbreaditfunctionapp,/subscriptions/ab47d4c6-aa42-4b26-95fa-953b8ed93a69/resourcegroups/rg_memilavi_readitapp/providers/microsoft.web/sites/sbreaditfunctionapp,App Service web app,rg_memilavi_readitapp,/subscriptions/ab47d4c6-aa42-4b26-95fa-953b8ed93a69/resourcegroups/rg_memilavi_readitapp,IN Central,Visual Studio Professional Subscription,ab47d4c6-aa42-4b26-95fa-953b8ed93a69,[],Functions,,Standard Execution Time,0.001679586,2.04539E-05,INR
sbreaditfunctionapp,/subscriptions/ab47d4c6-aa42-4b26-95fa-953b8ed93a69/resourcegroups/rg_memilavi_readitapp/providers/microsoft.web/sites/sbreaditfunctionapp,App Service web app,rg_memilavi_readitapp,/subscriptions/ab47d4c6-aa42-4b26-95fa-953b8ed93a69/resourcegroups/rg_memilavi_readitapp,IN Central,Visual Studio Professional Subscription,ab47d4c6-aa42-4b26-95fa-953b8ed93a69,[],Bandwidth,,Standard Data Transfer Out,0.000914142,1.11232E-05,INR
sbreaditfunctionapp,/subscriptions/ab47d4c6-aa42-4b26-95fa-953b8ed93a69/resourcegroups/rg_memilavi_readitapp/providers/microsoft.web/sites/sbreaditfunctionapp,App Service web app,rg_memilavi_readitapp,/subscriptions/ab47d4c6-aa42-4b26-95fa-953b8ed93a69/resourcegroups/rg_memilavi_readitapp,IN Central,Visual Studio Professional Subscription,ab47d4c6-aa42-4b26-95fa-953b8ed93a69,[],Azure App Service,Free Plan,F1 App,0,0,INR
default,/subscriptions/ab47d4c6-aa42-4b26-95fa-953b8ed93a69/resourcegroups/rg_memilavi_readitapp/providers/microsoft.storage/storageaccounts/readitorderssb/providers/microsoft.eventgrid/extensiontopics/default,microsoft.eventgrid/extensiontopics,rg_memilavi_readitapp,/subscriptions/ab47d4c6-aa42-4b26-95fa-953b8ed93a69/resourcegroups/rg_memilavi_readitapp,IN Central,Visual Studio Professional Subscription,ab47d4c6-aa42-4b26-95fa-953b8ed93a69,[],Event Grid,,Standard Operations,0.001931949,2.35442E-05,INR
sb-readit-inventory-secondary,/subscriptions/ab47d4c6-aa42-4b26-95fa-953b8ed93a69/resourcegroups/rg_memilavi_readitapp/providers/microsoft.web/sites/sb-readit-inventory-secondary,App Service web app,rg_memilavi_readitapp,/subscriptions/ab47d4c6-aa42-4b26-95fa-953b8ed93a69/resourcegroups/rg_memilavi_readitapp,US East,Visual Studio Professional Subscription,ab47d4c6-aa42-4b26-95fa-953b8ed93a69,[],Bandwidth,,Standard Data Transfer Out,0.000293798,3.58044E-06,INR
sb-readit-inventory-secondary,/subscriptions/ab47d4c6-aa42-4b26-95fa-953b8ed93a69/resourcegroups/rg_memilavi_readitapp/providers/microsoft.web/sites/sb-readit-inventory-secondary,App Service web app,rg_memilavi_readitapp,/subscriptions/ab47d4c6-aa42-4b26-95fa-953b8ed93a69/resourcegroups/rg_memilavi_readitapp,US East,Visual Studio Professional Subscription,ab47d4c6-aa42-4b26-95fa-953b8ed93a69,[],Azure App Service,Free Plan,F1 App,0,0,INR
sbeventhubdemo,/subscriptions/ab47d4c6-aa42-4b26-95fa-953b8ed93a69/resourcegroups/rg-sb-eventhub/providers/microsoft.eventhub/namespaces/sbeventhubdemo,Event Hubs namespace,rg-sb-eventhub,/subscriptions/ab47d4c6-aa42-4b26-95fa-953b8ed93a69/resourcegroups/rg-sb-eventhub,IN Central,Visual Studio Professional Subscription,ab47d4c6-aa42-4b26-95fa-953b8ed93a69,[],Service Bus,,Basic Messaging Operations,9.81681E-05,1.18889E-06,INR
sbeventhubdemo,/subscriptions/ab47d4c6-aa42-4b26-95fa-953b8ed93a69/resourcegroups/rg-sb-eventhub/providers/microsoft.eventhub/namespaces/sbeventhubdemo,Event Hubs namespace,rg-sb-eventhub,/subscriptions/ab47d4c6-aa42-4b26-95fa-953b8ed93a69/resourcegroups/rg-sb-eventhub,IN Central,Visual Studio Professional Subscription,ab47d4c6-aa42-4b26-95fa-953b8ed93a69,[],Event Hubs,,Basic Ingress Events,4.39793E-06,5.32623E-08,INR
sbservicebusdemo,/subscriptions/ab47d4c6-aa42-4b26-95fa-953b8ed93a69/resourcegroups/rg-sb-servicebus/providers/microsoft.servicebus/namespaces/sbservicebusdemo,Service Bus namespaces,rg-sb-servicebus,/subscriptions/ab47d4c6-aa42-4b26-95fa-953b8ed93a69/resourcegroups/rg-sb-servicebus,IN Central,Visual Studio Professional Subscription,ab47d4c6-aa42-4b26-95fa-953b8ed93a69,[],Service Bus,,Basic Messaging Operations,9.03147E-05,1.09378E-06,INR
sb-readit-cosmosdb,/subscriptions/ab47d4c6-aa42-4b26-95fa-953b8ed93a69/resourcegroups/rg_memilavi_readitapp/providers/microsoft.documentdb/databaseaccounts/sb-readit-cosmosdb,Cosmos DB account,rg_memilavi_readitapp,/subscriptions/ab47d4c6-aa42-4b26-95fa-953b8ed93a69/resourcegroups/rg_memilavi_readitapp,IN Central,Visual Studio Professional Subscription,ab47d4c6-aa42-4b26-95fa-953b8ed93a69,"[""\""defaultexperience\"":\""core (sql)\"""",""\""hidden-cosmos-mmspecial\"":\""\""""]",Azure Cosmos DB,,100 RU/s,0,0,INR
sb-readit-cosmosdb,/subscriptions/ab47d4c6-aa42-4b26-95fa-953b8ed93a69/resourcegroups/rg_memilavi_readitapp/providers/microsoft.documentdb/databaseaccounts/sb-readit-cosmosdb,Cosmos DB account,rg_memilavi_readitapp,/subscriptions/ab47d4c6-aa42-4b26-95fa-953b8ed93a69/resourcegroups/rg_memilavi_readitapp,IN Central,Visual Studio Professional Subscription,ab47d4c6-aa42-4b26-95fa-953b8ed93a69,"[""\""defaultexperience\"":\""core (sql)\"""",""\""hidden-cosmos-mmspecial\"":\""\""""]",Azure Cosmos DB,,Data Stored,0,0,INR