ResourceName,ResourceId,ResourceType,ResourceGroup,ResourceGroupId,ResourceLocation,Subscription,SubscriptionId,Tags,Cost,CostUSD,Currency
sbreaditredis,/subscriptions/ab47d4c6-aa42-4b26-95fa-953b8ed93a69/resourcegroups/rg_memilavi_readitapp/providers/microsoft.cache/redis/sbreaditredis,Redis cache,rg_memilavi_readitapp,/subscriptions/ab47d4c6-aa42-4b26-95fa-953b8ed93a69/resourcegroups/rg_memilavi_readitapp,IN Central,Visual Studio Professional Subscription,ab47d4c6-aa42-4b26-95fa-953b8ed93a69,[],1002.186608,12.17334888,INR
catalog-vm_osdisk_1_e2f5328019f0483ead8d5aff469a11ba,/subscriptions/ab47d4c6-aa42-4b26-95fa-953b8ed93a69/resourcegroups/rg_memilavi_readitapp/providers/microsoft.compute/disks/catalog-vm_osdisk_1_e2f5328019f0483ead8d5aff469a11ba,Disk,rg_memilavi_readitapp,/subscriptions/ab47d4c6-aa42-4b26-95fa-953b8ed93a69/resourcegroups/rg_memilavi_readitapp,IN Central,Visual Studio Professional Subscription,ab47d4c6-aa42-4b26-95fa-953b8ed93a69,[],772.583593,9.380299917,INR
interstellar_disk1_e3a16eb7041c480ea4562851c64d151c,/subscriptions/ab47d4c6-aa42-4b26-95fa-953b8ed93a69/resourcegroups/rg_subhasish_interstellar/providers/microsoft.compute/disks/interstellar_disk1_e3a16eb7041c480ea4562851c64d151c,Disk,rg_subhasish_interstellar,/subscriptions/ab47d4c6-aa42-4b26-95fa-953b8ed93a69/resourcegroups/rg_subhasish_interstellar,IN Central,Visual Studio Professional Subscription,ab47d4c6-aa42-4b26-95fa-953b8ed93a69,"[""\""#subhasish-vm\"":\""interstellar\""""]",764.583252,9.282977024,INR
sb-readit-dbserver / readit-db,/subscriptions/ab47d4c6-aa42-4b26-95fa-953b8ed93a69/resourcegroups/rg_memilavi_readitapp/providers/microsoft.sql/servers/sb-readit-dbserver/databases/readit-db,SQL database,rg_memilavi_readitapp,/subscriptions/ab47d4c6-aa42-4b26-95fa-953b8ed93a69/resourcegroups/rg_memilavi_readitapp,IN Central,Visual Studio Professional Subscription,ab47d4c6-aa42-4b26-95fa-953b8ed93a69,[],410.853898,4.988388023,INR
sbreaditacr,/subscriptions/ab47d4c6-aa42-4b26-95fa-953b8ed93a69/resourcegroups/rg_memilavi_readitapp/providers/microsoft.containerregistry/registries/sbreaditacr,Container registry,rg_memilavi_readitapp,/subscriptions/ab47d4c6-aa42-4b26-95fa-953b8ed93a69/resourcegroups/rg_memilavi_readitapp,IN Central,Visual Studio Professional Subscription,ab47d4c6-aa42-4b26-95fa-953b8ed93a69,[],364.2736316,4.422451003,INR
catalog-vm-ip,/subscriptions/ab47d4c6-aa42-4b26-95fa-953b8ed93a69/resourcegroups/rg_memilavi_readitapp/providers/microsoft.network/publicipaddresses/catalog-vm-ip,Public IP address,rg_memilavi_readitapp,/subscriptions/ab47d4c6-aa42-4b26-95fa-953b8ed93a69/resourcegroups/rg_memilavi_readitapp,IN Central,Visual Studio Professional Subscription,ab47d4c6-aa42-4b26-95fa-953b8ed93a69,[],268.194976,3.256280761,INR
interstellar-ip,/subscriptions/ab47d4c6-aa42-4b26-95fa-953b8ed93a69/resourcegroups/rg_subhasish_interstellar/providers/microsoft.network/publicipaddresses/interstellar-ip,Public IP address,rg_subhasish_interstellar,/subscriptions/ab47d4c6-aa42-4b26-95fa-953b8ed93a69/resourcegroups/rg_subhasish_interstellar,IN Central,Visual Studio Professional Subscription,ab47d4c6-aa42-4b26-95fa-953b8ed93a69,"[""\""#subhasish-vm\"":\""interstellar\""""]",268.194976,3.256280761,INR
sbreaditapp,/subscriptions/ab47d4c6-aa42-4b26-95fa-953b8ed93a69/resourcegroups/rg_memilavi_readitapp/providers/microsoft.network/frontdoors/sbreaditapp,Front Door,rg_memilavi_readitapp,/subscriptions/ab47d4c6-aa42-4b26-95fa-953b8ed93a69/resourcegroups/rg_memilavi_readitapp,Unknown,Visual Studio Professional Subscription,ab47d4c6-aa42-4b26-95fa-953b8ed93a69,[],259.8274847,3.16645575,INR
defaultworkspace-centralindia,/subscriptions/ab47d4c6-aa42-4b26-95fa-953b8ed93a69/resourcegroups/defaultresourcegroup-centralindia/providers/microsoft.operationalinsights/workspaces/defaultworkspace-centralindia,Log Analytics workspace,defaultresourcegroup-centralindia,/subscriptions/ab47d4c6-aa42-4b26-95fa-953b8ed93a69/resourcegroups/defaultresourcegroup-centralindia,IN Central,Visual Studio Professional Subscription,ab47d4c6-aa42-4b26-95fa-953b8ed93a69,[],228.8890606,2.785909059,INR
aks-agentpool-40540486-vmss,/subscriptions/ab47d4c6-aa42-4b26-95fa-953b8ed93a69/resourcegroups/mc_rg_memilavi_readitapp_readit-card-aks_centralindia/providers/microsoft.compute/virtualmachinescalesets/aks-agentpool-40540486-vmss,Virtual machine scale set,mc_rg_memilavi_readitapp_readit-card-aks_centralindia,/subscriptions/ab47d4c6-aa42-4b26-95fa-953b8ed93a69/resourcegroups/mc_rg_memilavi_readitapp_readit-card-aks_centralindia,"Intercontinental, Asia, IN Central",Visual Studio Professional Subscription,ab47d4c6-aa42-4b26-95fa-953b8ed93a69,"[""\""aks-managed-createoperationid\"":\""e41c1b09-ae7f-44cd-9d19-7552743a4ce5\"""",""\""aks-managed-creationsource\"":\""vmssclient-aks-agentpool-40540486-vmss\"""",""\""aks-managed-kubeletidentityclientid\"":\""80c68022-5f0a-4639-ab10-e3691afbfd16\"""",""\""aks-managed-orchestrator\"":\""kubernetes:1.25.6\"""",""\""aks-managed-poolname\"":\""agentpool\"""",""\""aks-managed-resourcenamesuffix\"":\""40026033\"""",""\""aks-managed-consolidated-additional-properties\"":\""e3177e84-2b6a-11ee-8103-a22f9bf481b7\"""",""\""aks-managed-coordination\"":\""true\""""]",191.6786947,2.335942657,INR
vault-pe,/subscriptions/ab47d4c6-aa42-4b26-95fa-953b8ed93a69/resourcegroups/rg_memilavi_readitapp/providers/microsoft.network/privateendpoints/vault-pe,Private endpoint,rg_memilavi_readitapp,/subscriptions/ab47d4c6-aa42-4b26-95fa-953b8ed93a69/resourcegroups/rg_memilavi_readitapp,IN Central,Visual Studio Professional Subscription,ab47d4c6-aa42-4b26-95fa-953b8ed93a69,[],149.551285,1.822545936,INR
kubernetes,/subscriptions/ab47d4c6-aa42-4b26-95fa-953b8ed93a69/resourcegroups/mc_rg_memilavi_readitapp_readit-card-aks_centralindia/providers/microsoft.network/loadbalancers/kubernetes,Load balancer,mc_rg_memilavi_readitapp_readit-card-aks_centralindia,/subscriptions/ab47d4c6-aa42-4b26-95fa-953b8ed93a69/resourcegroups/mc_rg_memilavi_readitapp_readit-card-aks_centralindia,IN Central,Visual Studio Professional Subscription,ab47d4c6-aa42-4b26-95fa-953b8ed93a69,"[""\""aks-managed-cluster-name\"":\""readit-card-aks\"""",""\""aks-managed-cluster-rg\"":\""rg_memilavi_readitapp\""""]",117.806165,1.435675711,INR
log-redaitapp-ws,/subscriptions/ab47d4c6-aa42-4b26-95fa-953b8ed93a69/resourcegroups/rg_memilavi_readitapp/providers/microsoft.operationalinsights/workspaces/log-redaitapp-ws,Log Analytics workspace,rg_memilavi_readitapp,/subscriptions/ab47d4c6-aa42-4b26-95fa-953b8ed93a69/resourcegroups/rg_memilavi_readitapp,IN Central,Visual Studio Professional Subscription,ab47d4c6-aa42-4b26-95fa-953b8ed93a69,[],109.0834708,1.329374311,INR
interstellar,/subscriptions/ab47d4c6-aa42-4b26-95fa-953b8ed93a69/resourcegroups/rg_subhasish_interstellar/providers/microsoft.compute/virtualmachines/interstellar,Virtual machine,rg_subhasish_interstellar,/subscriptions/ab47d4c6-aa42-4b26-95fa-953b8ed93a69/resourcegroups/rg_subhasish_interstellar,"IN Central, Asia, Intercontinental",Visual Studio Professional Subscription,ab47d4c6-aa42-4b26-95fa-953b8ed93a69,"[""\""#subhasish-vm\"":\""interstellar\""""]",75.37825459,0.91288741,INR
aks-agentpool-405404aks-agentpool-4054048os__1_c6cfe12c47ec4856a6c2e0ae517353e5,/subscriptions/ab47d4c6-aa42-4b26-95fa-953b8ed93a69/resourcegroups/mc_rg_memilavi_readitapp_readit-card-aks_centralindia/providers/microsoft.compute/disks/aks-agentpool-405404aks-agentpool-4054048os__1_c6cfe12c47ec4856a6c2e0ae517353e5,Disk,mc_rg_memilavi_readitapp_readit-card-aks_centralindia,/subscriptions/ab47d4c6-aa42-4b26-95fa-953b8ed93a69/resourcegroups/mc_rg_memilavi_readitapp_readit-card-aks_centralindia,IN Central,Visual Studio Professional Subscription,ab47d4c6-aa42-4b26-95fa-953b8ed93a69,"[""\""aks-managed-createoperationid\"":\""e41c1b09-ae7f-44cd-9d19-7552743a4ce5\"""",""\""aks-managed-creationsource\"":\""vmssclient-aks-agentpool-40540486-vmss\"""",""\""aks-managed-kubeletidentityclientid\"":\""80c68022-5f0a-4639-ab10-e3691afbfd16\"""",""\""aks-managed-orchestrator\"":\""kubernetes:1.25.6\"""",""\""aks-managed-poolname\"":\""agentpool\"""",""\""aks-managed-resourcenamesuffix\"":\""40026033\"""",""\""aks-managed-consolidated-additional-properties\"":\""e3177e84-2b6a-11ee-8103-a22f9bf481b7\"""",""\""aks-managed-coordination\"":\""true\""""]",74.89431912,0.912719252,INR
catalog-vm,/subscriptions/ab47d4c6-aa42-4b26-95fa-953b8ed93a69/resourcegroups/rg_memilavi_readitapp/providers/microsoft.compute/virtualmachines/catalog-vm,Virtual machine,rg_memilavi_readitapp,/subscriptions/ab47d4c6-aa42-4b26-95fa-953b8ed93a69/resourcegroups/rg_memilavi_readitapp,"Intercontinental, IN Central, Asia",Visual Studio Professional Subscription,ab47d4c6-aa42-4b26-95fa-953b8ed93a69,"[""\""env\"":\""test\"""",""\""group\"":\""a-team\""""]",57.29683458,0.696883055,INR
lrsalstomsubhasishml,/subscriptions/ab47d4c6-aa42-4b26-95fa-953b8ed93a69/resourcegroups/alstom_ml/providers/microsoft.storage/storageaccounts/lrsalstomsubhasishml,Storage account,alstom_ml,/subscriptions/ab47d4c6-aa42-4b26-95fa-953b8ed93a69/resourcegroups/alstom_ml,"IN Central, Asia",Visual Studio Professional Subscription,ab47d4c6-aa42-4b26-95fa-953b8ed93a69,"[""\""subhasishazurelearning\"":\""ml\""""]",27.87419854,0.338432124,INR
csg10032001018be032,/subscriptions/ab47d4c6-aa42-4b26-95fa-953b8ed93a69/resourcegroups/cloud-shell-storage-centralindia/providers/microsoft.storage/storageaccounts/csg10032001018be032,Storage account,cloud-shell-storage-centralindia,/subscriptions/ab47d4c6-aa42-4b26-95fa-953b8ed93a69/resourcegroups/cloud-shell-storage-centralindia,IN Central,Visual Studio Professional Subscription,ab47d4c6-aa42-4b26-95fa-953b8ed93a69,"[""\""ms-resource-usage\"":\""azure-cloud-shell\""""]",23.93431599,0.290592719,INR
46fc5010-b4b2-48f4-9912-9b0096985435,/subscriptions/ab47d4c6-aa42-4b26-95fa-953b8ed93a69/resourcegroups/mc_rg_memilavi_readitapp_readit-card-aks_centralindia/providers/microsoft.network/publicipaddresses/46fc5010-b4b2-48f4-9912-9b0096985435,Public IP address,mc_rg_memilavi_readitapp_readit-card-aks_centralindia,/subscriptions/ab47d4c6-aa42-4b26-95fa-953b8ed93a69/resourcegroups/mc_rg_memilavi_readitapp_readit-card-aks_centralindia,IN Central,Visual Studio Professional Subscription,ab47d4c6-aa42-4b26-95fa-953b8ed93a69,"[""\""aks-managed-cluster-name\"":\""readit-card-aks\"""",""\""aks-managed-cluster-rg\"":\""rg_memilavi_readitapp\"""",""\""aks-managed-type\"":\""aks-slb-managed-outbound-ip\""""]",23.46029772,0.285905068,INR
kubernetes-a52f56dfd80ac479c8ea66702949b059,/subscriptions/ab47d4c6-aa42-4b26-95fa-953b8ed93a69/resourcegroups/mc_rg_memilavi_readitapp_readit-card-aks_centralindia/providers/microsoft.network/publicipaddresses/kubernetes-a52f56dfd80ac479c8ea66702949b059,Public IP address,mc_rg_memilavi_readitapp_readit-card-aks_centralindia,/subscriptions/ab47d4c6-aa42-4b26-95fa-953b8ed93a69/resourcegroups/mc_rg_memilavi_readitapp_readit-card-aks_centralindia,IN Central,Visual Studio Professional Subscription,ab47d4c6-aa42-4b26-95fa-953b8ed93a69,"[""\""k8s-azure-cluster-name\"":\""kubernetes\"""",""\""k8s-azure-service\"":\""default/readit-cart\""""]",21.49693772,0.261978066,INR
azurefunctionstorgae,/subscriptions/ab47d4c6-aa42-4b26-95fa-953b8ed93a69/resourcegroups/azurefunction_sb/providers/microsoft.storage/storageaccounts/azurefunctionstorgae,Storage account,azurefunction_sb,/subscriptions/ab47d4c6-aa42-4b26-95fa-953b8ed93a69/resourcegroups/azurefunction_sb,IN Central,Visual Studio Professional Subscription,ab47d4c6-aa42-4b26-95fa-953b8ed93a69,"[""\""#azure_function\"":\""azurefunction\""""]",17.29861977,0.210030844,INR
iventory-avalibility-test-sb-readit-inventory,/subscriptions/ab47d4c6-aa42-4b26-95fa-953b8ed93a69/resourcegroups/rg_memilavi_readitapp/providers/microsoft.insights/metricalerts/iventory-avalibility-test-sb-readit-inventory,microsoft.insights/metricalerts,rg_memilavi_readitapp,/subscriptions/ab47d4c6-aa42-4b26-95fa-953b8ed93a69/resourcegroups/rg_memilavi_readitapp,Unknown,Visual Studio Professional Subscription,ab47d4c6-aa42-4b26-95fa-953b8ed93a69,"[""\""hidden-link:/subscriptions/ab47d4c6-aa42-4b26-95fa-953b8ed93a69/resourcegroups/rg_memilavi_readitapp/providers/microsoft.insights/components/sb-readit-inventory\"":\""resource\"""",""\""hidden-link:/subscriptions/ab47d4c6-aa42-4b26-95fa-953b8ed93a69/resourcegroups/rg_memilavi_readitapp/providers/microsoft.insights/webtests/iventory-avalibility-test-sb-readit-inventory\"":\""resource\""""]",13.1418619,0.160156745,INR
asp-rgmemilavireaditapp-99db,/subscriptions/ab47d4c6-aa42-4b26-95fa-953b8ed93a69/resourcegroups/rg_memilavi_readitapp/providers/microsoft.web/serverfarms/asp-rgmemilavireaditapp-99db,App Service plan,rg_memilavi_readitapp,/subscriptions/ab47d4c6-aa42-4b26-95fa-953b8ed93a69/resourcegroups/rg_memilavi_readitapp,IN Central,Visual Studio Professional Subscription,ab47d4c6-aa42-4b26-95fa-953b8ed93a69,[],12.76872818,0.155609453,INR
sbreaditapp,/subscriptions/ab47d4c6-aa42-4b26-95fa-953b8ed93a69/resourcegroups/rg_memilavi_readitapp/providers/microsoft.network/trafficmanagerprofiles/sbreaditapp,Traffic Manager profile,rg_memilavi_readitapp,/subscriptions/ab47d4c6-aa42-4b26-95fa-953b8ed93a69/resourcegroups/rg_memilavi_readitapp,Unknown,Visual Studio Professional Subscription,ab47d4c6-aa42-4b26-95fa-953b8ed93a69,[],12.30066694,0.149905302,INR
asp-rgmemilavireaditapp-893c,/subscriptions/ab47d4c6-aa42-4b26-95fa-953b8ed93a69/resourcegroups/rg_memilavi_readitapp/providers/microsoft.web/serverfarms/asp-rgmemilavireaditapp-893c,App Service plan,rg_memilavi_readitapp,/subscriptions/ab47d4c6-aa42-4b26-95fa-953b8ed93a69/resourcegroups/rg_memilavi_readitapp,US East,Visual Studio Professional Subscription,ab47d4c6-aa42-4b26-95fa-953b8ed93a69,[],10.0865251,0.122922082,INR
privatelink.vaultcore.azure.net,/subscriptions/ab47d4c6-aa42-4b26-95fa-953b8ed93a69/resourcegroups/rg_memilavi_readitapp/providers/microsoft.network/privatednszones/privatelink.vaultcore.azure.net,Private DNS zone,rg_memilavi_readitapp,/subscriptions/ab47d4c6-aa42-4b26-95fa-953b8ed93a69/resourcegroups/rg_memilavi_readitapp,Unknown,Visual Studio Professional Subscription,ab47d4c6-aa42-4b26-95fa-953b8ed93a69,[],10.05025709,0.122480092,INR
subhasish-ag,/subscriptions/ab47d4c6-aa42-4b26-95fa-953b8ed93a69/resourcegroups/rg_memilavi_readitapp/providers/microsoft.insights/actiongroups/subhasish-ag,microsoft.insights/actiongroups,rg_memilavi_readitapp,/subscriptions/ab47d4c6-aa42-4b26-95fa-953b8ed93a69/resourcegroups/rg_memilavi_readitapp,"US East 2, US West, US West 2, US North Central",Visual Studio Professional Subscription,ab47d4c6-aa42-4b26-95fa-953b8ed93a69,[],3.976968,0.048466363,INR
high cpu utilization,/subscriptions/ab47d4c6-aa42-4b26-95fa-953b8ed93a69/resourcegroups/rg_memilavi_readitapp/providers/microsoft.insights/metricalerts/high cpu utilization,microsoft.insights/metricalerts,rg_memilavi_readitapp,/subscriptions/ab47d4c6-aa42-4b26-95fa-953b8ed93a69/resourcegroups/rg_memilavi_readitapp,Unknown,Visual Studio Professional Subscription,ab47d4c6-aa42-4b26-95fa-953b8ed93a69,[],2.755040927,0.033575028,INR
weather-vm_disk1_1c7f6bc5b6e34859a2c273157c423b8f,/subscriptions/ab47d4c6-aa42-4b26-95fa-953b8ed93a69/resourcegroups/rg_memilavi_readitapp/providers/microsoft.compute/disks/weather-vm_disk1_1c7f6bc5b6e34859a2c273157c423b8f,Disk,rg_memilavi_readitapp,/subscriptions/ab47d4c6-aa42-4b26-95fa-953b8ed93a69/resourcegroups/rg_memilavi_readitapp,IN Central,Visual Studio Professional Subscription,ab47d4c6-aa42-4b26-95fa-953b8ed93a69,[],2.259406151,0.027534845,INR
readitappfunctionstorage,/subscriptions/ab47d4c6-aa42-4b26-95fa-953b8ed93a69/resourcegroups/rg_memilavi_readitapp/providers/microsoft.storage/storageaccounts/readitappfunctionstorage,Storage account,rg_memilavi_readitapp,/subscriptions/ab47d4c6-aa42-4b26-95fa-953b8ed93a69/resourcegroups/rg_memilavi_readitapp,IN Central,Visual Studio Professional Subscription,ab47d4c6-aa42-4b26-95fa-953b8ed93a69,[],2.108572327,0.025620784,INR
weather-vm,/subscriptions/ab47d4c6-aa42-4b26-95fa-953b8ed93a69/resourcegroups/rg_memilavi_readitapp/providers/microsoft.compute/virtualmachines/weather-vm,Virtual machine,rg_memilavi_readitapp,/subscriptions/ab47d4c6-aa42-4b26-95fa-953b8ed93a69/resourcegroups/rg_memilavi_readitapp,"Intercontinental, Asia, IN Central",Visual Studio Professional Subscription,ab47d4c6-aa42-4b26-95fa-953b8ed93a69,[],2.079862473,0.025346789,INR
defaultworkspace-ab47d4c6-aa42-4b26-95fa-953b8ed93a69-eus,/subscriptions/ab47d4c6-aa42-4b26-95fa-953b8ed93a69/resourcegroups/defaultresourcegroup-eus/providers/microsoft.operationalinsights/workspaces/defaultworkspace-ab47d4c6-aa42-4b26-95fa-953b8ed93a69-eus,Log Analytics workspace,defaultresourcegroup-eus,/subscriptions/ab47d4c6-aa42-4b26-95fa-953b8ed93a69/resourcegroups/defaultresourcegroup-eus,US East,Visual Studio Professional Subscription,ab47d4c6-aa42-4b26-95fa-953b8ed93a69,[],1.283444145,0.015641028,INR
kubernetes-af6cbdc6ea15640f784e013a4be31ed2,/subscriptions/ab47d4c6-aa42-4b26-95fa-953b8ed93a69/resourcegroups/mc_rg_memilavi_readitapp_readit-card-aks_centralindia/providers/microsoft.network/publicipaddresses/kubernetes-af6cbdc6ea15640f784e013a4be31ed2,Public IP address,mc_rg_memilavi_readitapp_readit-card-aks_centralindia,/subscriptions/ab47d4c6-aa42-4b26-95fa-953b8ed93a69/resourcegroups/mc_rg_memilavi_readitapp_readit-card-aks_centralindia,IN Central,Visual Studio Professional Subscription,ab47d4c6-aa42-4b26-95fa-953b8ed93a69,"[""\""k8s-azure-cluster-name\"":\""kubernetes\"""",""\""k8s-azure-service\"":\""default/readit-cart\""""]",1.228517982,0.014971656,INR
weather-vm-ip,/subscriptions/ab47d4c6-aa42-4b26-95fa-953b8ed93a69/resourcegroups/rg_memilavi_readitapp/providers/microsoft.network/publicipaddresses/weather-vm-ip,Public IP address,rg_memilavi_readitapp,/subscriptions/ab47d4c6-aa42-4b26-95fa-953b8ed93a69/resourcegroups/rg_memilavi_readitapp,IN Central,Visual Studio Professional Subscription,ab47d4c6-aa42-4b26-95fa-953b8ed93a69,[],1.105764978,0.013475695,INR
sbreaditfunctionapp,/subscriptions/ab47d4c6-aa42-4b26-95fa-953b8ed93a69/resourcegroups/rg_memilavi_readitapp/providers/microsoft.insights/components/sbreaditfunctionapp,Application Insights app,rg_memilavi_readitapp,/subscriptions/ab47d4c6-aa42-4b26-95fa-953b8ed93a69/resourcegroups/rg_memilavi_readitapp,IN Central,Visual Studio Professional Subscription,ab47d4c6-aa42-4b26-95fa-953b8ed93a69,[],0.990927093,0.012059897,INR
cpu usage percentage - readit-card-aks,/subscriptions/ab47d4c6-aa42-4b26-95fa-953b8ed93a69/resourcegroups/rg_memilavi_readitapp/providers/microsoft.insights/metricalerts/cpu usage percentage - readit-card-aks,microsoft.insights/metricalerts,rg_memilavi_readitapp,/subscriptions/ab47d4c6-aa42-4b26-95fa-953b8ed93a69/resourcegroups/rg_memilavi_readitapp,Unknown,Visual Studio Professional Subscription,ab47d4c6-aa42-4b26-95fa-953b8ed93a69,[],0.812789852,0.009905277,INR
memory working set percentage - readit-card-aks,/subscriptions/ab47d4c6-aa42-4b26-95fa-953b8ed93a69/resourcegroups/rg_memilavi_readitapp/providers/microsoft.insights/metricalerts/memory working set percentage - readit-card-aks,microsoft.insights/metricalerts,rg_memilavi_readitapp,/subscriptions/ab47d4c6-aa42-4b26-95fa-953b8ed93a69/resourcegroups/rg_memilavi_readitapp,Unknown,Visual Studio Professional Subscription,ab47d4c6-aa42-4b26-95fa-953b8ed93a69,[],0.812789852,0.009905277,INR
sb-readit-inventory,/subscriptions/ab47d4c6-aa42-4b26-95fa-953b8ed93a69/resourcegroups/rg_memilavi_readitapp/providers/microsoft.web/sites/sb-readit-inventory,App Service web app,rg_memilavi_readitapp,/subscriptions/ab47d4c6-aa42-4b26-95fa-953b8ed93a69/resourcegroups/rg_memilavi_readitapp,IN Central,Visual Studio Professional Subscription,ab47d4c6-aa42-4b26-95fa-953b8ed93a69,[],0.517903614,0.006311412,INR
kubernetes-ac7deb8d355934c4fa36e1137d7f52bc,/subscriptions/ab47d4c6-aa42-4b26-95fa-953b8ed93a69/resourcegroups/mc_rg_memilavi_readitapp_readit-card-aks_centralindia/providers/microsoft.network/publicipaddresses/kubernetes-ac7deb8d355934c4fa36e1137d7f52bc,Public IP address,mc_rg_memilavi_readitapp_readit-card-aks_centralindia,/subscriptions/ab47d4c6-aa42-4b26-95fa-953b8ed93a69/resourcegroups/mc_rg_memilavi_readitapp_readit-card-aks_centralindia,IN Central,Visual Studio Professional Subscription,ab47d4c6-aa42-4b26-95fa-953b8ed93a69,"[""\""k8s-azure-cluster-name\"":\""kubernetes\"""",""\""k8s-azure-service\"":\""default/readit-cart\""""]",0.488985716,0.005959153,INR
sbtestfirstfunction,/subscriptions/ab47d4c6-aa42-4b26-95fa-953b8ed93a69/resourcegroups/azurefunction_sb/providers/microsoft.web/sites/sbtestfirstfunction,App Service web app,azurefunction_sb,/subscriptions/ab47d4c6-aa42-4b26-95fa-953b8ed93a69/resourcegroups/azurefunction_sb,IN Central,Visual Studio Professional Subscription,ab47d4c6-aa42-4b26-95fa-953b8ed93a69,"[""\""#azure_function\"":\""azurefunction\""""]",0.405775269,0.004926676,INR
networkwatcher_centralindia,/subscriptions/ab47d4c6-aa42-4b26-95fa-953b8ed93a69/resourcegroups/networkwatcherrg/providers/microsoft.network/networkwatchers/networkwatcher_centralindia,Network Watcher,networkwatcherrg,/subscriptions/ab47d4c6-aa42-4b26-95fa-953b8ed93a69/resourcegroups/networkwatcherrg,IN Central,Visual Studio Professional Subscription,ab47d4c6-aa42-4b26-95fa-953b8ed93a69,[],0.235602,0.002871226,INR
readitorderssb,/subscriptions/ab47d4c6-aa42-4b26-95fa-953b8ed93a69/resourcegroups/rg_memilavi_readitapp/providers/microsoft.storage/storageaccounts/readitorderssb,Storage account,rg_memilavi_readitapp,/subscriptions/ab47d4c6-aa42-4b26-95fa-953b8ed93a69/resourcegroups/rg_memilavi_readitapp,"IN Central, Asia",Visual Studio Professional Subscription,ab47d4c6-aa42-4b26-95fa-953b8ed93a69,[],0.100821762,0.001225176,INR
subhasishstorage,/subscriptions/ab47d4c6-aa42-4b26-95fa-953b8ed93a69/resourcegroups/rg_sb_storage/providers/microsoft.storage/storageaccounts/subhasishstorage,Storage account,rg_sb_storage,/subscriptions/ab47d4c6-aa42-4b26-95fa-953b8ed93a69/resourcegroups/rg_sb_storage,"IN Central, Asia",Visual Studio Professional Subscription,ab47d4c6-aa42-4b26-95fa-953b8ed93a69,[],0.064606408,0.000784417,INR
sbmemidemostorage,/subscriptions/ab47d4c6-aa42-4b26-95fa-953b8ed93a69/resourcegroups/rg-sb-memidemo-storage/providers/microsoft.storage/storageaccounts/sbmemidemostorage,Storage account,rg-sb-memidemo-storage,/subscriptions/ab47d4c6-aa42-4b26-95fa-953b8ed93a69/resourcegroups/rg-sb-memidemo-storage,"Asia, IN South, IN Central",Visual Studio Professional Subscription,ab47d4c6-aa42-4b26-95fa-953b8ed93a69,[],0.031314368,0.000379241,INR
readit-sb-kv,/subscriptions/ab47d4c6-aa42-4b26-95fa-953b8ed93a69/resourcegroups/rg_memilavi_readitapp/providers/microsoft.keyvault/vaults/readit-sb-kv,Key vault,rg_memilavi_readitapp,/subscriptions/ab47d4c6-aa42-4b26-95fa-953b8ed93a69/resourcegroups/rg_memilavi_readitapp,IN Central,Visual Studio Professional Subscription,ab47d4c6-aa42-4b26-95fa-953b8ed93a69,[],0.014371814,0.000175146,INR
sbimagecdn,/subscriptions/ab47d4c6-aa42-4b26-95fa-953b8ed93a69/resourcegroups/rg-sb-memidemo-storage/providers/microsoft.cdn/profiles/sbimagecdn,Front Door Standard/Premium (Preview),rg-sb-memidemo-storage,/subscriptions/ab47d4c6-aa42-4b26-95fa-953b8ed93a69/resourcegroups/rg-sb-memidemo-storage,Unknown,Visual Studio Professional Subscription,ab47d4c6-aa42-4b26-95fa-953b8ed93a69,[],0.004855923,5.88089E-05,INR
sbreaditfunctionapp,/subscriptions/ab47d4c6-aa42-4b26-95fa-953b8ed93a69/resourcegroups/rg_memilavi_readitapp/providers/microsoft.web/sites/sbreaditfunctionapp,App Service web app,rg_memilavi_readitapp,/subscriptions/ab47d4c6-aa42-4b26-95fa-953b8ed93a69/resourcegroups/rg_memilavi_readitapp,IN Central,Visual Studio Professional Subscription,ab47d4c6-aa42-4b26-95fa-953b8ed93a69,[],0.002593728,3.15771E-05,INR
default,/subscriptions/ab47d4c6-aa42-4b26-95fa-953b8ed93a69/resourcegroups/rg_memilavi_readitapp/providers/microsoft.storage/storageaccounts/readitorderssb/providers/microsoft.eventgrid/extensiontopics/default,microsoft.eventgrid/extensiontopics,rg_memilavi_readitapp,/subscriptions/ab47d4c6-aa42-4b26-95fa-953b8ed93a69/resourcegroups/rg_memilavi_readitapp,IN Central,Visual Studio Professional Subscription,ab47d4c6-aa42-4b26-95fa-953b8ed93a69,[],0.001931949,2.35442E-05,INR
sb-readit-inventory-secondary,/subscriptions/ab47d4c6-aa42-4b26-95fa-953b8ed93a69/resourcegroups/rg_memilavi_readitapp/providers/microsoft.web/sites/sb-readit-inventory-secondary,App Service web app,rg_memilavi_readitapp,/subscriptions/ab47d4c6-aa42-4b26-95fa-953b8ed93a69/resourcegroups/rg_memilavi_readitapp,US East,Visual Studio Professional Subscription,ab47d4c6-aa42-4b26-95fa-953b8ed93a69,[],0.000293798,3.58044E-06,INR
sbeventhubdemo,/subscriptions/ab47d4c6-aa42-4b26-95fa-953b8ed93a69/resourcegroups/rg-sb-eventhub/providers/microsoft.eventhub/namespaces/sbeventhubdemo,Event Hubs namespace,rg-sb-eventhub,/subscriptions/ab47d4c6-aa42-4b26-95fa-953b8ed93a69/resourcegroups/rg-sb-eventhub,IN Central,Visual Studio Professional Subscription,ab47d4c6-aa42-4b26-95fa-953b8ed93a69,[],0.000102566,1.24215E-06,INR
sbservicebusdemo,/subscriptions/ab47d4c6-aa42-4b26-95fa-953b8ed93a69/resourcegroups/rg-sb-servicebus/providers/microsoft.servicebus/namespaces/sbservicebusdemo,Service Bus namespaces,rg-sb-servicebus,/subscriptions/ab47d4c6-aa42-4b26-95fa-953b8ed93a69/resourcegroups/rg-sb-servicebus,IN Central,Visual Studio Professional Subscription,ab47d4c6-aa42-4b26-95fa-953b8ed93a69,[],9.03147E-05,1.09378E-06,INR
sb-readit-cosmosdb,/subscriptions/ab47d4c6-aa42-4b26-95fa-953b8ed93a69/resourcegroups/rg_memilavi_readitapp/providers/microsoft.documentdb/databaseaccounts/sb-readit-cosmosdb,Cosmos DB account,rg_memilavi_readitapp,/subscriptions/ab47d4c6-aa42-4b26-95fa-953b8ed93a69/resourcegroups/rg_memilavi_readitapp,IN Central,Visual Studio Professional Subscription,ab47d4c6-aa42-4b26-95fa-953b8ed93a69,"[""\""defaultexperience\"":\""core (sql)\"""",""\""hidden-cosmos-mmspecial\"":\""\""""]",0,0,INR